STATE,ST_CASE,VE_TOTAL,VE_FORMS,PVH_INVL,PEDS,PERNOTMVIT,PERMVIT,PERSONS,COUNTY,CITY,DAY,MONTH,YEAR,DAY_WEEK,HOUR,MINUTE,NHS,RUR_URB,FUNC_SYS,RD_OWNER,ROUTE,TWAY_ID,TWAY_ID2,MILEPT,LATITUDE,LONGITUD,SP_JUR,HARM_EV,MAN_COLL,RELJCT1,RELJCT2,TYP_INT,WRK_ZONE,REL_ROAD,LGT_COND,WEATHER1,WEATHER2,WEATHER,SCH_BUS,RAIL,NOT_HOUR,NOT_MIN,ARR_HOUR,ARR_MIN,HOSP_HR,HOSP_MN,CF1,CF2,CF3,FATALS,DRUNK_DR
47,470397,1,1,0,0,0,1,1,89,0,15,6,2016,4,8,6,0,1,5,1,2,US-25W/70 SR-9/66,,94,36.02285000,-83.458161110000,0,1,0,0,1,1,0,4,1,10,0,10,0,0000000,99,99,99,99,99,99,0,0,0,1,0
47,470398,1,1,0,0,0,1,1,93,1300,16,6,2016,5,1,59,0,2,4,1,2,US-11E SR-34 ANDREW JOHNSON HW,,13,36.03896944,-83.720069440000,0,32,0,0,1,1,0,3,2,1,0,1,0,0000000,99,99,99,99,88,88,0,0,0,1,0
47,470399,2,2,0,1,1,2,2,31,1550,11,6,2016,7,1,0,1,2,1,1,1,I-24,,147,35.48563889,-86.070688890000,0,8,0,0,1,1,0,1,2,1,0,1,0,0000000,1,0,1,9,88,88,0,0,0,1,0
47,470400,1,1,0,0,0,1,1,153,0,7,6,2016,3,22,16,0,1,5,1,2,US-127 SR-8 TAFT HWY,,96,35.29150000,-85.384800000000,0,24,0,0,1,1,0,4,2,1,0,1,0,0000000,23,19,23,31,88,88,20,0,0,1,0
47,470401,2,2,0,0,0,3,3,17,0,7,3,2016,2,7,18,1,1,3,1,2,US-79 SR-76,,87,36.04788056,-88.588880560000,0,12,2,0,1,1,0,1,2,1,0,1,0,0000000,99,99,99,99,99,99,0,0,0,1,0
47,470402,1,1,0,1,1,1,1,37,1760,22,4,2016,6,20,4,1,2,1,1,1,I-440 PKWY,,18,36.13343056,-86.819388890000,0,8,0,1,98,1,0,8,3,1,0,1,0,0000000,99,99,99,99,99,99,0,0,0,1,0
47,470403,2,2,0,0,0,3,3,141,0,27,5,2016,6,12,50,1,2,1,1,1,I-40,,238,36.13975000,-85.432600000000,0,12,1,0,1,1,0,1,1,1,0,1,0,0000000,99,99,99,99,88,88,0,0,0,2,0
47,470404,2,2,0,0,0,2,2,145,0,14,6,2016,3,16,40,0,1,4,1,3,SR-58,,85,35.82021944,-84.549261110000,0,12,2,0,1,1,0,1,1,2,0,2,0,0000000,99,99,99,99,88,88,0,0,0,1,0
47,470405,2,2,0,0,0,2,2,157,0,12,6,2016,1,20,45,1,2,3,2,4,CR-RIVERDALE RD,CR-KINGS CROWN DR,2,34.99722778,-89.830863890000,0,12,6,0,2,3,0,1,2,1,0,1,0,0000000,99,99,99,99,99,99,0,0,0,1,0
47,470406,1,1,0,0,0,1,1,39,0,30,5,2016,2,14,44,1,1,1,1,1,I-40,,15,35.81893889,-88.152000000000,0,35,0,0,1,1,0,4,1,1,0,1,0,0000000,14,43,15,1,99,99,0,0,0,1,0
47,470407,1,1,0,0,0,1,1,155,0,16,6,2016,5,19,27,0,2,4,1,3,SR-338 BOYDS CREEK HWY,,88,35.91331944,-83.630211110000,0,34,0,0,1,1,0,4,1,1,0,1,0,0000000,99,99,99,99,99,99,0,0,0,1,0
47,470408,1,1,0,0,0,1,1,113,0,27,2,2016,7,16,17,0,2,5,2,4,CR-RIVERSIDE DR,,60,35.59471111,-88.833880560000,0,43,0,0,1,1,0,4,1,1,0,1,0,0000000,99,99,99,99,99,99,0,0,0,1,0
47,470409,2,2,0,0,0,2,2,93,0,21,6,2016,3,17,14,0,2,5,2,4,CR-BEAVER CREEK DR,,3,36.03846111,-83.995688890000,0,12,2,0,1,1,0,1,1,1,0,1,0,0000000,99,99,99,99,99,99,0,0,0,1,0
47,470410,1,1,0,0,0,1,1,149,0,22,6,2016,4,0,55,0,1,4,1,3,SR-266 W JEFFERSON PK,,99,35.98608056,-86.419050000000,0,53,0,0,1,1,0,4,2,1,0,1,0,0000000,99,99,99,99,88,88,0,0,0,1,1
47,470411,2,2,0,0,0,3,3,37,1760,12,6,2016,1,20,20,1,2,1,1,1,I-40,,160,36.17086944,-86.804369440000,0,12,7,1,20,1,0,1,5,1,0,1,0,0000000,99,99,99,99,99,99,0,0,0,1,1
47,470412,1,1,0,2,2,1,1,165,0,13,6,2016,2,99,99,0,1,6,2,4,CR-ROCK BRIDGE RD,,81,36.54846111,-86.399511110000,0,8,0,0,1,1,0,1,1,1,0,1,0,0000000,99,99,99,99,99,99,0,0,0,1,0
47,470413,6,6,0,0,0,7,7,43,640,17,6,2016,6,15,51,1,2,1,1,1,I-40,,94,36.02033056,-87.332450000000,0,12,1,0,1,1,0,2,1,1,0,1,0,0000000,99,99,99,99,99,99,0,0,0,1,0
47,470414,1,1,0,0,0,1,1,43,640,26,6,2016,1,13,15,0,2,5,4,6,MARSHALL STUART DR,,2,36.05441944,-87.351988890000,0,34,0,0,1,1,0,4,1,1,0,1,0,0000000,13,19,13,24,13,48,20,0,0,1,0
47,470415,1,1,0,0,0,1,1,81,0,20,6,2016,2,17,42,0,1,6,2,4,CR-PRIMM SPRINGS RD,,78,35.82243056,-87.281900000000,0,42,0,0,1,1,0,4,1,1,0,1,0,0000000,99,99,99,99,88,88,0,0,0,1,1
47,470416,1,1,0,1,1,1,1,157,1620,13,6,2016,2,22,37,1,2,3,1,3,SR-176 NEW GETWELL RD,,57,35.07642778,-89.931525000000,0,8,0,0,1,1,0,1,3,1,0,1,0,0000000,22,44,22,48,23,15,0,0,0,1,0
47,470417,1,1,0,0,0,3,3,179,0,20,6,2016,2,13,3,0,1,5,1,3,SR-67 CHEROKEE RD,,36,36.24311944,-82.422211110000,0,1,0,0,1,1,0,1,1,1,0,1,0,0000000,99,99,99,99,99,99,20,0,0,1,0
47,470418,2,2,0,0,0,2,2,129,0,20,6,2016,2,9,0,0,1,5,1,3,SR-299 AIRPORT RD,CR-DAKOTA TRAIL,12,35.94203056,-84.681461110000,0,12,2,0,2,3,0,1,1,1,0,1,0,0000000,99,99,99,99,99,99,0,0,0,1,0
47,470419,2,2,0,0,0,3,3,49,0,20,6,2016,2,20,10,0,1,6,2,4,CR-MARTHA WASHINGTON RD,,43,36.20965000,-85.036261110000,0,12,2,0,1,1,0,1,2,1,0,1,0,0000000,19,59,20,13,20,50,0,0,0,1,1
47,470420,1,1,0,0,0,1,1,95,0,12,6,2016,1,0,30,0,1,7,2,4,CR-MADIE THOMPSON RD,,15,36.28006111,-89.434769440000,0,34,0,0,1,1,0,4,2,1,0,1,0,0000000,99,99,99,99,88,88,0,0,0,1,1
47,470421,2,2,0,0,0,2,2,135,0,19,6,2016,1,12,40,0,1,6,2,4,CR-LICK CREEK RD,,18,35.64231944,-87.877761110000,0,12,6,0,8,1,0,1,1,1,0,1,0,0000000,99,99,99,99,99,99,0,0,0,1,0
47,470422,2,2,0,0,0,5,5,167,0,17,6,2016,6,10,29,0,1,6,2,4,CR-BRIGHTON-CLOMPTON RD,,26,35.47058056,-89.691400000000,0,12,2,0,1,1,0,1,1,1,0,1,0,0000000,99,99,99,99,99,99,0,0,0,1,0
47,470423,1,1,0,0,0,1,1,19,0,22,6,2016,4,10,40,0,2,4,1,3,SR-91 STONEY CREEK RD,,34,36.36136111,-82.192400000000,0,33,0,0,1,1,0,4,1,1,0,1,0,0000000,10,30,10,32,88,88,0,0,0,1,0
47,470424,1,1,0,0,0,3,3,149,1750,4,5,2016,4,18,39,0,2,5,4,6,BATTLEGROUND DR,,2,35.86686111,-86.409311110000,0,30,0,0,1,1,0,4,1,10,0,10,0,0000000,18,43,18,54,19,0,0,0,0,1,0
47,470425,2,2,0,0,0,2,2,65,448,24,5,2016,3,21,45,0,2,4,1,2,US-11/64 SR-2 LEE HWY,WHITEOAK VALLEY CIR,241,35.08870000,-85.012169440000,0,12,6,0,3,3,0,1,2,1,0,1,0,0000000,23,14,23,23,0,8,0,0,0,1,0
47,470426,3,3,0,0,0,3,3,37,1760,2,5,2016,2,5,15,1,2,3,1,2,US-41/70S MURFREESBORO RD,SR-171 HOBSON PK/OLD HICKORY B,307,36.04288611,-86.606538890000,0,12,6,0,2,2,0,1,3,10,0,10,0,0000000,99,99,99,99,88,88,14,0,0,1,0
47,470427,2,2,0,0,0,3,3,37,960,15,6,2016,4,16,10,0,2,4,1,2,US-31W/41 SR-11 N MAIN ST,OLD SPRINGFIELD PK,252,36.33845000,-86.717719440000,0,12,6,0,2,3,0,1,1,2,0,2,0,0000000,16,17,16,36,99,96,0,0,0,1,0
47,470428,2,2,0,0,0,4,4,73,2080,19,6,2016,1,0,5,1,2,3,1,2,US-11W SR-1,,138,36.38708056,-83.044738890000,0,12,1,0,1,1,0,1,2,1,0,1,0,0000000,0,5,0,13,0,33,0,0,0,1,0
47,470429,1,1,0,0,0,2,2,63,0,24,6,2016,6,20,15,0,1,5,1,3,SR-344 ST CLAIR RD,,50,36.29598889,-83.134819440000,0,38,0,0,1,1,0,4,1,1,0,1,0,0000000,20,7,20,18,20,52,0,0,0,1,0
47,470430,2,2,0,0,0,2,2,157,1620,19,6,2016,1,18,13,0,2,4,1,3,SR-23 WALNUT GROVE RD,N HIGHLAND ST,44,35.13195278,-89.945011110000,0,12,2,0,2,2,0,1,1,1,0,1,0,0000000,18,16,18,18,18,39,0,0,0,1,0
47,470431,1,1,0,0,0,1,1,29,0,26,6,2016,1,3,28,1,2,1,1,1,I-40,,36,35.96828056,-83.226311110000,0,24,0,0,1,1,0,4,2,1,0,1,0,0000000,3,33,3,37,88,88,20,0,0,1,0
47,470432,3,3,0,0,0,4,4,149,1750,28,6,2016,3,12,33,1,2,3,1,3,SR-96 FRANKLIN RD,VETERANS PKWY,60,35.84296944,-86.494730560000,0,12,1,0,3,2,0,1,1,1,0,1,0,0000000,12,33,12,36,88,88,0,0,0,1,1
47,470433,2,2,0,0,0,2,2,37,1760,16,5,2016,2,14,19,1,2,4,1,3,SR-155 THOMPSON LN,EUGENIA AVE,11,36.11108056,-86.754469440000,0,5,0,0,2,2,0,1,1,1,0,1,0,0000000,99,99,99,99,88,88,14,0,0,1,0
47,470434,3,3,0,0,0,4,4,149,1750,24,6,2016,6,16,5,1,2,3,1,2,US-231 SR-10 S CHURCH ST,,95,35.78491944,-86.400861110000,0,12,6,0,8,1,0,1,1,1,0,1,0,0000000,16,4,16,11,17,16,20,0,0,1,1
47,470435,2,2,0,0,0,3,3,119,2350,21,6,2016,3,6,16,1,2,2,1,3,SR-396 SATURN PKWY,,21,35.73211111,-86.913100000000,0,12,1,0,1,1,0,1,1,1,0,1,0,0000000,99,99,99,99,99,99,0,0,0,1,0
47,470436,1,1,0,0,0,3,3,25,0,30,6,2016,5,16,38,0,1,7,2,4,CR-FULTZ RD,,2,36.52298889,-83.524911110000,0,42,0,0,1,1,0,4,1,1,0,1,0,0000000,16,6,16,19,16,33,0,0,0,1,0
47,470437,2,2,0,0,0,6,6,43,0,19,6,2016,1,7,55,1,2,1,1,1,I-40,,106,36.02328056,-87.311311110000,0,12,1,0,1,1,0,2,1,1,0,1,0,0000000,99,99,99,99,99,99,0,0,0,2,0
47,470438,1,1,0,0,0,1,1,65,0,2,7,2016,7,19,42,0,1,6,2,4,CR-1126 MOBRAY PK,,44,35.28943889,-85.270050000000,0,1,0,0,1,1,0,1,5,1,0,1,0,0000000,19,42,20,1,88,88,0,0,0,1,0
47,470439,2,2,0,0,0,4,4,125,410,2,7,2016,7,5,11,0,2,4,1,3,SR-236/6310 TINY TOWN RD,CAINLO DR,62,36.62654167,-87.329333330000,9,12,6,0,2,3,0,1,1,1,0,1,0,0000000,5,11,5,19,88,88,0,0,0,1,2
47,470440,2,2,0,0,0,5,5,63,1700,28,6,2016,3,13,8,1,2,3,1,2,US-11E SR-34 W ANDREW JOHNSON,,19,36.17276111,-83.401819440000,0,12,1,0,1,1,0,1,1,1,0,1,0,0000000,13,10,13,13,13,38,0,0,0,1,0
47,470441,1,1,0,0,0,1,1,37,1760,22,4,2016,6,18,55,0,1,7,4,6,LITTLE MARROWBONE RD,,4,36.25341944,-86.968961110000,0,17,0,0,1,1,0,4,5,1,0,1,0,0000000,99,99,99,99,99,99,0,0,0,1,0
47,470442,1,1,0,0,0,2,2,163,0,13,6,2016,2,16,40,1,1,3,1,2,US-11W SR-1,,162,36.57553889,-82.341011110000,0,1,0,0,1,1,0,4,1,1,0,1,0,0000000,99,99,99,99,99,99,0,0,0,1,0
47,470443,1,1,0,0,0,1,1,55,0,25,6,2016,7,0,0,1,1,3,1,2,US-64 SR-15,,156,35.17548056,-86.991219440000,0,1,0,0,1,1,0,3,2,1,0,1,0,0000000,0,0,0,6,0,18,0,0,0,1,1
47,470444,1,1,0,0,0,1,1,83,0,25,6,2016,7,99,99,0,1,5,1,3,SR-46,,10,36.22850000,-87.546061110000,0,34,0,0,1,1,0,4,2,1,0,1,0,0000000,20,20,20,26,88,88,0,0,0,1,1
47,470445,2,2,0,0,0,5,5,157,1620,29,6,2016,4,21,58,1,2,3,1,3,SR-14 AUSTIN PEAY HWY,,216,35.21366667,-89.916627780000,0,12,6,0,8,1,0,1,3,1,0,1,0,0000000,22,0,22,3,22,33,0,0,0,1,0
47,470446,1,1,0,0,0,1,1,157,1620,2,7,2016,7,0,0,1,2,3,4,6,WINCHESTER RD,,30,35.05375556,-90.007455560000,0,40,0,0,1,1,0,4,3,1,0,1,0,0000000,21,58,22,3,22,15,0,0,0,1,0
47,470447,2,2,0,0,0,3,3,11,0,30,6,2016,5,22,14,0,2,6,2,4,CR-NO PONE RD,CR-VAN DAVIS RD,0,35.25533056,-84.905800000000,0,12,2,0,2,4,0,1,2,1,0,1,0,0000000,22,15,22,25,23,27,0,0,0,1,2
47,470448,2,2,0,0,0,3,3,119,470,28,6,2016,3,16,32,1,2,3,1,2,US-31/SR-6 NASHVILLE HWY,IMPERIAL DR,277,35.69470000,-86.987888890000,0,12,6,0,2,3,0,1,1,1,0,1,0,0000000,16,32,16,45,88,88,0,0,0,1,0
47,470449,2,2,0,0,0,2,2,109,0,30,6,2016,5,11,23,0,1,7,2,4,CR-PURDY RD,,11,35.19525000,-88.536350000000,0,12,2,0,1,1,0,1,1,1,0,1,0,0000000,99,99,99,99,99,99,0,0,0,1,0
47,470450,1,1,0,0,0,2,2,9,0,6,7,2016,4,13,49,0,2,4,1,2,US-129 SR-115 CALDERWOOD HWY,,102,35.51245000,-83.988369440000,0,35,0,0,1,1,0,4,1,1,0,1,0,0000000,99,99,99,99,99,99,0,0,0,1,0
47,470451,1,1,0,1,1,6,6,141,480,23,5,2016,2,20,46,0,2,7,4,6,N DIXIE AVE,,6,36.18765000,-85.508180560000,0,8,0,0,1,1,0,1,2,1,0,1,0,0000000,99,99,99,99,99,99,0,0,0,1,1
47,470452,1,1,0,0,0,1,1,147,1000,1,7,2016,6,15,2,1,2,3,1,2,US-41 SR-11 BROAD ST,,14,36.40663889,-86.784369440000,0,35,0,0,1,1,0,4,1,1,0,1,0,0000000,99,99,99,99,88,88,0,0,0,1,0
47,470453,1,1,0,0,0,1,1,59,0,23,6,2016,5,16,17,0,2,5,1,3,SR-351 CHUCKEY PK,,178,36.22568056,-82.686769440000,0,35,0,0,1,1,0,4,1,1,0,1,0,0000000,99,99,99,99,88,88,0,0,0,1,0
47,470454,1,1,0,0,0,3,3,35,0,29,6,2016,4,1,6,1,1,1,1,1,I-40,,115,36.01613056,-85.071669440000,0,52,0,0,1,1,0,3,2,1,0,1,0,0000000,1,8,1,18,1,42,0,0,0,2,1
47,470455,1,1,0,0,0,1,1,119,0,28,6,2016,3,14,46,1,1,1,1,1,I-65,,37,35.53918889,-86.904511110000,0,1,0,0,1,1,0,3,1,1,0,1,0,0000000,99,99,99,99,88,88,0,0,0,1,0
47,470456,1,1,0,1,1,2,2,157,1620,9,5,2016,2,17,17,1,2,3,1,3,SR-23 UNION AVE EXTD,,22,35.13333889,-89.981769440000,0,30,0,0,1,1,0,4,1,1,0,1,0,0000000,99,99,99,99,99,99,0,0,0,1,0
47,470457,2,2,0,0,0,3,3,93,1300,17,6,2016,6,18,53,1,2,3,1,2,US-441 SR-33 N BROADWAY,I-640,114,36.01941111,-83.922458330000,0,12,6,1,2,2,0,1,1,1,0,1,0,0000000,99,99,99,99,99,99,0,0,0,1,0
47,470458,2,2,0,0,0,3,3,65,0,29,6,2016,4,3,39,1,2,1,1,1,I-75 US-74,,137,35.11113889,-85.048830560000,0,12,7,0,1,1,0,1,2,1,0,1,0,0000000,4,6,4,14,4,59,19,27,0,1,0
47,470459,1,1,0,0,0,1,1,103,0,6,7,2016,4,14,50,1,1,3,1,3,SR-50 LYNCHBURG HWY,,180,35.20856944,-86.475830560000,0,17,0,0,1,1,0,4,1,1,0,1,0,0000000,99,99,99,99,99,99,0,0,0,1,0
47,470460,1,1,0,0,0,3,3,81,0,25,6,2016,7,1,35,0,1,5,1,3,SR-230 LITTLE LOT RD,,88,35.85383889,-87.350938890000,0,42,0,0,1,1,0,4,2,1,0,1,0,0000000,1,24,1,30,99,99,0,0,0,1,0
47,470461,2,2,0,0,0,2,2,1,1850,23,6,2016,5,8,26,0,2,4,1,3,SR-170 EDGEMOOR RD,,10,36.00056944,-84.185280560000,0,12,6,0,8,1,0,1,1,1,0,1,0,0000000,99,99,99,99,99,99,0,0,0,1,0
47,470462,1,1,0,0,0,2,2,9,0,11,7,2016,2,14,25,0,1,4,1,2,US-129 SR-115,,82,35.50288056,-83.968288890000,0,1,0,0,1,1,0,1,1,1,0,1,0,0000000,14,29,14,59,99,99,0,0,0,1,0
47,470463,1,1,0,0,0,1,1,77,0,4,7,2016,2,19,30,0,2,4,1,3,SR-22,,9,35.52128889,-88.496619440000,0,1,0,0,1,1,0,4,1,1,0,1,0,0000000,18,47,19,2,20,0,0,0,0,1,0
47,470464,2,2,0,0,0,2,2,5,0,3,7,2016,1,16,15,1,1,3,1,2,US-641 SR-69,,30,35.88393889,-88.094088890000,0,12,2,0,1,1,0,1,1,1,0,1,0,0000000,16,13,16,29,18,4,0,0,0,1,0
47,470465,2,2,0,0,0,2,2,119,0,7,7,2016,5,13,59,1,1,3,1,2,US-412 SR-99 HAMPSHIRE PK,,117,35.61325000,-87.144700000000,0,12,1,0,1,1,0,1,1,1,0,1,0,0000000,99,99,99,99,99,99,0,0,0,1,1
47,470466,1,1,0,0,0,1,1,93,0,4,7,2016,2,1,42,0,2,5,1,2,US-25W/70 SR-9 ASHVILLE HWY,CR-STRAWBERRY PLAINS PK,136,36.02606944,-83.729769440000,0,30,0,0,3,2,0,4,2,1,0,1,0,0000000,1,42,1,48,88,88,20,0,0,1,0
47,470467,1,1,0,0,0,1,1,97,0,2,7,2016,7,19,34,0,1,6,2,4,CR-LIGHTFOOT LUCKETT RD,,8,35.70388056,-89.694630560000,0,11,0,0,1,1,0,1,1,1,0,1,0,0000000,19,28,19,41,20,33,0,0,0,1,0
47,470468,1,1,0,0,0,1,1,189,0,6,7,2016,4,12,13,0,1,5,2,4,CR-COLES FERRY PK,,31,36.28346111,-86.390500000000,0,42,0,0,1,1,0,4,1,10,0,10,0,0000000,99,99,99,99,88,88,0,0,0,1,0
47,470469,3,2,1,2,2,3,3,119,0,30,6,2016,5,14,15,1,1,1,1,1,I-65,,20,35.51486111,-86.896669440000,0,12,7,0,1,1,0,1,1,1,0,1,0,0000000,14,12,14,22,15,30,23,0,0,1,0
47,470470,1,1,0,0,0,1,1,37,1760,31,5,2016,3,19,41,1,2,1,1,1,I-24,,230,36.05278889,-86.671980560000,0,52,0,0,1,1,0,4,1,1,0,1,0,0000000,99,99,99,99,88,88,0,0,0,1,0
47,470471,2,2,0,0,0,2,2,37,1760,31,5,2016,3,14,28,1,2,3,1,3,SR-254 BELL RD OLD HICKORY BLV,BENZING RD,123,36.04530000,-86.701680560000,0,12,6,0,2,2,0,1,1,1,0,1,0,0000000,99,99,99,99,99,99,0,0,0,1,1
47,470472,3,3,0,0,0,6,6,187,0,8,7,2016,6,9,16,1,2,3,1,3,SR-840,,233,35.82076111,-86.872800000000,0,12,1,0,1,1,0,1,1,10,0,10,0,0000000,9,5,9,10,10,31,0,0,0,1,0
47,470473,1,1,0,0,0,1,1,189,0,10,7,2016,1,16,36,0,2,7,2,4,CR-BECKWITH RD,,25,36.21700000,-86.472038890000,0,1,0,0,1,1,0,4,1,1,0,1,0,0000000,16,33,16,43,88,88,0,0,0,1,0
47,470474,2,2,0,0,0,2,2,157,1620,9,7,2016,7,17,46,0,2,4,4,6,CENTRAL AVE,S HIGHLAND ST,16,35.12309167,-89.945438890000,0,12,6,0,2,2,0,1,1,1,0,1,0,0000000,99,99,99,99,99,99,0,0,0,1,0
47,470475,1,1,0,0,0,2,2,65,400,2,7,2016,7,6,29,1,2,1,1,1,I-75 US-74,,101,35.00658056,-85.206411110000,0,24,0,1,5,1,0,3,4,1,0,1,0,0000000,99,99,99,99,99,99,0,0,0,1,0
47,470476,2,2,0,0,0,3,3,157,1620,13,7,2016,4,22,36,1,2,3,4,6,WALNUT GROVE RD,FARM RD,16,35.13463889,-89.840375000000,0,12,6,0,2,2,0,1,2,1,0,1,0,0000000,99,99,99,99,88,88,0,0,0,2,1
47,470477,1,1,0,0,0,1,1,65,400,2,7,2016,7,15,55,0,2,7,4,6,14TH ST E,,10,35.03183056,-85.293530560000,0,43,0,0,1,1,0,4,1,1,0,1,0,0000000,99,99,99,99,88,88,0,0,0,1,0
47,470478,1,1,0,0,0,1,1,89,1230,5,4,2016,3,15,42,0,1,6,2,6,HINCHEY HOLLOW RD,,33,36.08714167,-83.489252780000,0,30,0,0,1,1,0,4,1,1,0,1,0,0000000,99,99,99,99,99,99,0,0,0,1,0
47,470479,2,2,0,0,0,2,2,157,1620,26,4,2016,3,14,25,1,2,3,1,3,SR-175 SHELBY DR,,153,35.02037222,-89.839880560000,0,12,6,0,8,1,0,1,1,1,0,1,0,0000000,99,99,99,99,99,99,0,0,0,1,0
47,470480,2,2,0,0,0,2,2,157,1620,8,7,2016,6,17,50,0,2,4,4,6,RALEIGH-MILLINGTON RD,,33,35.25256389,-89.929847220000,0,12,2,0,1,1,0,1,1,1,0,1,0,0000000,99,99,99,99,99,99,0,0,0,1,1
47,470482,2,2,0,0,0,2,2,149,2250,10,7,2016,1,22,49,1,2,3,1,2,US-41/70S SR-1 S LOWRY ST,,70,35.96045000,-86.499261110000,0,12,1,0,1,1,0,1,3,1,0,1,0,0000000,22,53,23,1,23,42,0,0,0,1,1
47,470483,1,1,0,0,0,3,3,3,0,2,7,2016,7,2,15,0,2,7,2,4,CR-NARROWS RD,,6,35.44740000,-86.450930560000,0,1,0,0,1,1,0,4,2,1,0,1,0,0000000,99,99,99,99,99,99,0,0,0,1,1
47,470484,3,3,0,0,0,3,3,147,0,30,6,2016,5,7,31,0,1,4,1,3,SR-76,,139,36.47505000,-86.715488890000,0,12,2,0,1,1,0,1,1,1,0,1,0,0000000,99,99,99,99,88,88,14,0,0,1,0
47,470485,1,1,0,0,0,1,1,121,0,3,7,2016,1,18,48,0,1,6,2,4,CR-312 N NOPONE VALLEY RD,,41,35.50373889,-84.761530560000,0,53,0,0,1,1,0,4,1,10,0,10,0,0000000,99,99,99,99,99,99,0,0,0,1,1
47,470486,1,1,0,0,0,1,1,89,0,10,7,2016,1,9,50,0,1,5,1,3,SR-139 OLD DANDRIDGE PK,,23,35.97403889,-83.497450000000,0,24,0,0,1,1,0,4,1,1,0,1,0,0000000,9,49,9,59,88,88,0,0,0,1,0
47,470487,3,3,0,0,0,3,3,165,0,8,7,2016,6,4,0,1,1,3,1,2,US-231/31E SR-6,,296,36.53011111,-86.248730560000,0,12,8,0,1,1,0,1,2,1,0,1,0,0000000,4,10,4,20,5,8,0,0,0,2,0
47,470488,1,1,0,0,0,1,1,141,0,13,7,2016,4,99,99,0,1,7,2,4,CR-SAWMILL RD,,14,36.07346111,-85.273188890000,0,1,0,0,1,1,0,5,1,1,0,1,0,0000000,99,99,99,99,88,88,0,0,0,1,0
47,470489,1,1,0,0,0,1,1,157,1620,15,7,2016,6,3,55,1,2,1,1,1,I-240,,68,35.07365556,-90.005866670000,0,38,0,1,19,1,0,4,3,1,0,1,0,0000000,99,99,99,99,88,88,0,0,0,1,0
47,470490,2,2,0,0,0,3,3,157,1620,2,6,2016,5,15,24,1,2,3,1,2,US-64 SR-15 STAGE RD,KATE HYDE BLVD,79,35.20445278,-89.784727780000,0,12,6,0,2,2,0,1,1,10,0,10,0,0000000,99,99,99,99,99,99,0,0,0,1,0
47,470491,2,2,0,0,0,3,3,55,0,30,6,2016,5,10,28,1,1,3,1,2,US-64 SR-15 LAWRENCEBURG HWY,CR-BIG DRY CREEK RD,65,35.21216111,-87.110138890000,0,12,6,0,2,2,0,1,1,1,0,1,0,0000000,10,23,10,28,11,2,0,0,0,1,0
47,470492,1,1,0,0,0,1,1,59,0,18,7,2016,2,21,12,0,1,5,1,3,SR-351 107 CUTOFF,,32,36.07708889,-82.822280560000,0,34,0,0,1,1,0,4,5,1,0,1,0,0000000,21,8,21,13,88,88,0,0,0,1,0
47,470493,2,2,0,0,0,2,2,37,1760,3,6,2016,6,21,24,1,2,3,1,2,US-31/41 SR-6 ROSA L. PARKS BL,,81,36.14896944,-86.779138890000,0,12,2,0,1,1,0,1,3,2,0,2,0,0000000,99,99,99,99,99,99,0,0,0,1,0