STATE,ST_CASE,VE_TOTAL,VE_FORMS,PVH_INVL,PEDS,PERNOTMVIT,PERMVIT,PERSONS,COUNTY,CITY,DAY,MONTH,YEAR,DAY_WEEK,HOUR,MINUTE,NHS,RUR_URB,FUNC_SYS,RD_OWNER,ROUTE,TWAY_ID,TWAY_ID2,MILEPT,LATITUDE,LONGITUD,SP_JUR,HARM_EV,MAN_COLL,RELJCT1,RELJCT2,TYP_INT,WRK_ZONE,REL_ROAD,LGT_COND,WEATHER1,WEATHER2,WEATHER,SCH_BUS,RAIL,NOT_HOUR,NOT_MIN,ARR_HOUR,ARR_MIN,HOSP_HR,HOSP_MN,CF1,CF2,CF3,FATALS,DRUNK_DR
47,470494,2,2,0,0,0,4,4,37,1760,8,6,2016,4,16,37,1,2,3,1,3,SR-254 OLD HICKORY BLVD,GRANNY WHITE PK,55,36.03976944,-86.814980560000,0,12,1,0,3,2,0,1,1,1,0,1,0,0000000,99,99,99,99,99,99,0,0,0,1,0
47,470495,1,1,0,0,0,1,1,105,1370,10,7,2016,1,99,99,0,2,7,4,6,CITY PARK RD,,12,35.79911111,-84.236980560000,0,1,0,0,1,1,0,4,9,99,0,99,0,0000000,99,99,99,99,88,88,0,0,0,1,1
47,470496,1,1,0,0,0,4,4,105,1370,12,7,2016,3,11,33,1,2,1,1,1,I-75,,130,35.80881111,-84.305119440000,0,1,0,0,1,1,0,3,1,1,0,1,0,0000000,11,30,11,35,12,10,0,0,0,1,0
47,470497,2,2,0,0,0,2,2,93,1300,20,7,2016,4,1,3,1,2,1,1,1,I-40,,186,35.96574722,-83.932436110000,0,12,2,0,1,1,0,1,3,1,0,1,0,0000000,1,4,1,6,88,88,0,0,0,2,0
47,470498,1,1,0,1,1,1,1,1,0,20,7,2016,4,1,4,0,1,5,1,3,SR-116,,4,36.12578889,-84.419988890000,0,8,0,0,1,1,0,1,2,5,0,5,0,0000000,1,7,1,34,88,88,0,0,0,1,0
47,470499,3,3,0,0,0,5,5,157,1620,21,7,2016,5,12,17,1,2,3,1,2,US-61 SR-14 S THIRD ST,,92,35.10375278,-90.055491670000,0,12,1,0,1,1,0,1,1,1,0,1,0,0000000,99,99,99,99,99,99,0,0,0,1,0
47,470500,1,1,0,0,0,1,1,185,0,17,7,2016,1,17,35,0,1,4,1,2,US-70 SR-1 CROSSVILLE HWY,,188,35.94528889,-85.316788890000,0,53,0,0,1,1,0,4,1,1,0,1,0,0000000,17,31,17,54,88,88,0,0,0,1,0
47,470504,2,2,0,0,0,3,3,163,290,17,7,2016,1,13,34,1,2,3,1,2,US-421 SR-34 CARL MOORE PKWY,SR-435 OLD US-HWY 421,201,36.56023056,-82.160238890000,0,12,6,0,2,3,0,1,1,1,0,1,0,0000000,13,39,13,43,99,99,0,0,0,1,0
47,470505,1,1,0,0,0,1,1,163,0,12,7,2016,3,21,46,0,2,5,2,4,CR-WEAVER BRANCH RD,,13,36.44938056,-82.317786110000,0,19,0,0,1,1,0,5,9,1,0,1,0,0000000,21,50,22,6,22,29,0,0,0,1,1
47,470506,1,1,0,0,0,1,1,59,0,10,7,2016,1,16,40,0,1,4,1,3,SR-93 KINGSPORT HWY,,90,36.28493056,-82.737861110000,0,34,0,0,1,1,0,4,1,1,0,1,0,0000000,99,99,99,99,99,99,0,0,0,1,0
47,470507,1,1,0,0,0,1,1,63,1700,15,7,2016,6,21,47,0,2,7,2,4,CR-OLD WITT DR,,4,36.17051111,-83.284569440000,0,42,0,0,1,1,0,4,2,1,0,1,0,0000000,99,99,99,99,99,99,0,0,0,1,0
47,470508,1,1,0,0,0,1,1,37,1760,16,7,2016,7,19,25,1,2,1,1,1,I-65 RAMP,,186,36.14758056,-86.778350000000,0,24,0,0,5,1,0,3,1,1,0,1,0,0000000,19,25,19,31,19,44,0,0,0,1,0
47,470509,2,2,0,0,0,3,3,105,0,19,7,2016,3,3,28,1,1,1,1,1,I-75,,36,35.70968056,-84.418361110000,0,1,0,0,1,1,0,4,2,1,0,1,0,0000000,3,22,3,46,4,11,0,0,0,1,0
47,470510,2,2,0,0,0,3,3,59,0,26,7,2016,3,12,37,0,1,4,1,2,US-321 SR-35 NEWPORT HWY,,71,36.11356111,-82.908800000000,0,12,2,0,1,1,0,1,1,1,0,1,0,0000000,12,32,12,42,14,5,0,0,0,1,0
47,470511,2,2,0,0,0,2,2,189,1360,27,7,2016,4,18,53,1,2,1,1,1,I-40,,101,36.18455000,-86.388850000000,0,12,1,0,1,1,0,1,1,10,0,10,0,0000000,17,51,18,4,88,88,28,0,0,1,0
47,470513,1,1,0,0,0,2,2,9,2410,24,7,2016,1,4,1,1,1,3,1,2,US-321 SR-73 E LAMAR ALEXANDER,,282,35.67506944,-83.761988890000,0,33,0,0,1,1,0,4,3,1,0,1,0,0000000,4,15,4,28,5,10,0,0,0,1,0
47,470514,1,1,0,0,0,1,1,149,1750,15,7,2016,6,9,31,0,2,3,4,6,MEDICAL CENTER PKWY,,93,35.86043889,-86.419650000000,0,18,0,0,1,1,1,1,1,1,0,1,0,0000000,9,31,9,37,10,26,0,0,0,1,0
47,470515,2,2,0,0,0,7,7,29,0,26,7,2016,3,16,20,0,1,4,1,2,US-321 SR-32 COSBY HWY,,122,35.80415000,-83.248919440000,0,12,2,0,1,1,0,1,1,1,0,1,0,0000000,16,26,16,29,17,36,0,0,0,1,0
47,470516,2,2,0,0,0,3,3,37,0,6,5,2016,6,20,32,1,2,1,1,1,I-24,,264,36.02053889,-86.627619440000,0,12,6,0,1,1,0,1,2,1,0,1,0,0000000,99,99,99,99,99,99,0,0,0,1,1
47,470517,1,1,0,0,0,1,1,135,0,21,7,2016,5,14,55,1,1,3,1,2,US-412 SR-20 HWY 412E,,214,35.59763056,-87.698169440000,0,1,0,0,1,1,0,1,1,1,0,1,0,0000000,14,46,15,2,88,88,0,0,0,1,0
47,470518,2,2,0,0,0,6,6,149,0,21,7,2016,5,15,30,1,2,1,1,1,I-24,,125,35.87386111,-86.464719440000,0,12,7,0,1,1,0,1,1,1,0,1,0,0000000,99,99,99,99,99,99,0,0,0,1,0
47,470519,1,1,0,0,0,2,2,145,0,29,7,2016,6,12,30,1,1,3,1,3,SR-61 HARRIMAN HWY,,88,35.96991944,-84.468900000000,0,35,0,0,1,1,0,4,1,10,0,10,0,0000000,12,26,12,41,99,99,20,0,0,1,1
47,470520,1,1,0,0,0,1,1,37,960,14,7,2016,5,3,17,1,2,1,1,1,I-65,,218,36.32906944,-86.707461110000,0,1,0,0,1,1,0,4,2,1,0,1,0,0000000,3,19,3,28,3,51,0,0,0,1,1
47,470521,2,2,0,0,0,2,2,121,0,25,7,2016,2,12,53,0,1,4,1,3,SR-68,CR-PEAKLAND RD,24,35.62183889,-84.739919440000,0,12,2,0,2,3,0,1,1,1,0,1,0,0000000,12,55,13,9,14,8,0,0,0,1,0
47,470522,1,1,0,0,0,1,1,181,0,20,7,2016,4,18,40,1,1,3,1,2,US-64 SR-15 SAVANNAH HWY,,10,35.29738056,-87.967811110000,0,1,0,0,1,1,0,1,5,1,0,1,0,0000000,18,41,18,52,19,13,0,0,0,1,0
47,470523,1,1,0,0,0,1,1,119,2350,28,7,2016,5,12,55,1,1,1,1,1,I-65,,158,35.71261111,-86.879730560000,0,1,0,0,1,1,0,4,1,10,0,10,0,0000000,13,5,13,36,88,88,0,0,0,1,0
47,470524,1,1,0,0,0,2,2,35,0,30,7,2016,7,16,0,0,1,7,2,4,CR-TODD RD,,10,36.11593056,-85.028230560000,0,42,0,0,1,1,0,4,1,1,0,1,0,0000000,16,5,16,22,16,52,0,0,0,1,0
47,470525,1,1,0,0,0,2,2,65,2260,8,7,2016,6,21,55,1,2,2,1,2,US-27 SR-29,,161,35.24046944,-85.185119440000,0,1,0,0,1,1,0,4,2,1,0,1,0,0000000,22,1,22,10,99,99,0,0,0,1,1
47,470526,2,2,0,0,0,3,3,35,0,28,7,2016,5,16,27,0,1,4,1,2,US-70 SR-1 SPARTA HWY,,51,35.97576111,-85.171880560000,0,12,2,0,1,1,0,1,1,2,0,2,0,0000000,99,99,99,99,99,99,0,0,0,1,0
47,470527,1,1,0,0,0,2,2,43,0,31,7,2016,1,4,45,0,1,7,2,4,CR-TURKEY CREEK RD,,64,36.01631111,-87.353400000000,1,42,0,0,1,1,0,4,2,1,0,1,0,0000000,4,24,4,39,6,2,0,0,0,1,1
47,470528,2,2,0,0,0,2,2,189,1727,8,6,2016,4,19,57,0,2,4,1,3,SR-171 W MT JULIET RD,WOODRIDGE PL,82,36.21831944,-86.515369440000,0,12,6,0,2,3,0,1,5,1,0,1,0,0000000,19,55,20,0,20,47,0,0,0,1,0
47,470529,2,2,0,0,0,3,3,37,1760,20,7,2016,4,19,15,0,1,5,1,3,SR-251 RIVER RD PK,,60,36.13776111,-86.949400000000,0,5,0,0,1,1,0,1,5,10,0,10,0,0000000,19,15,19,33,19,56,1,14,0,1,0
47,470530,1,1,0,0,0,1,1,21,0,30,7,2016,7,20,20,0,1,7,2,4,CR-OLD PINNACLE RD,,7,36.33458889,-86.928450000000,0,42,0,0,1,1,0,4,2,1,0,1,0,0000000,20,13,20,35,88,88,0,0,0,1,1
47,470531,2,2,0,0,0,3,3,31,2470,14,7,2016,5,0,16,1,2,3,1,2,US-41A SR-16 S JACKSON ST,SR-130 W CARROLL ST,44,35.35598889,-86.206288890000,0,12,6,0,2,2,0,1,3,1,0,1,0,0000000,0,16,0,18,99,99,20,0,0,1,0
47,470533,2,2,0,0,0,2,2,9,0,4,8,2016,5,15,46,0,2,4,1,2,US-129 SR-115 CALDERWOOD HWY,CR-OLD NILES FERRY PK,98,35.68901944,-84.040688890000,0,12,6,0,2,2,0,1,1,1,0,1,0,0000000,15,48,15,52,16,29,0,0,0,1,0
47,470534,1,1,0,0,0,2,2,159,0,31,7,2016,1,16,35,0,1,7,2,4,CR-SULLIVANS BEND RD,,18,36.27848056,-85.850069440000,0,30,0,0,1,1,0,4,1,1,0,1,0,0000000,16,42,17,13,18,34,0,0,0,1,0
47,470535,2,2,0,1,1,3,3,157,1620,4,6,2016,7,23,8,1,2,3,1,3,SR-204 COVINGTON PK,,38,35.22196667,-89.894180560000,0,8,0,0,1,1,0,1,3,1,0,1,0,0000000,99,99,99,99,99,99,14,0,0,1,0
47,470536,1,1,0,1,1,3,3,9,1570,23,7,2016,7,13,21,0,2,4,4,6,MIDDLESETTLEMENTS RD,,23,35.77295000,-84.021250000000,0,8,0,0,1,1,0,5,1,1,0,1,0,0000000,13,5,13,13,13,39,0,0,0,1,0
47,470537,1,1,0,0,0,1,1,117,0,30,7,2016,7,20,40,0,1,4,1,2,US-31A SR-11 NASHVILLE HWY,,147,35.48103889,-86.756861110000,0,42,0,0,1,1,0,4,2,1,0,1,0,0000000,20,34,20,42,88,88,0,0,0,1,1
47,470538,1,1,0,0,0,2,2,125,0,30,7,2016,7,2,55,1,2,1,1,1,I-24,,10,36.63363056,-87.324900000000,0,42,0,0,1,1,0,4,2,10,0,10,0,0000000,2,54,2,58,88,88,0,0,0,2,0
47,470539,1,1,0,0,0,1,1,29,0,5,8,2016,6,99,99,1,2,1,1,1,I-40,,11,35.97341944,-83.268888890000,0,57,0,0,1,1,0,4,2,1,0,1,0,0000000,8,20,8,37,88,88,0,0,0,1,1
47,470540,1,1,0,0,0,1,1,187,0,1,8,2016,2,12,0,1,1,3,1,3,SR-840,,94,35.86040000,-87.083400000000,0,42,0,0,1,1,0,4,1,1,0,1,0,0000000,12,0,12,9,88,88,0,0,0,1,0
47,470541,2,2,0,0,0,2,2,157,1620,6,8,2016,7,11,38,1,2,1,1,1,I-240,,137,35.08435278,-89.886200000000,0,12,1,0,1,1,0,2,1,1,0,1,0,0000000,99,99,99,99,99,99,0,0,0,1,0
47,470542,2,2,0,0,0,7,7,99,1350,28,7,2016,5,19,55,0,2,4,4,6,PULASKI HWY,INTERNATIONAL DR,26,35.23653056,-87.295838890000,0,12,1,0,2,3,0,1,1,1,0,1,0,0000000,19,55,20,1,21,26,0,0,0,1,0
47,470543,2,2,0,0,0,4,4,151,0,2,8,2016,3,12,45,1,1,3,1,2,US-27 SR-29/297 SCOTT HWY,MAIN ST,127,36.42921944,-84.537569440000,0,12,6,0,2,3,0,1,1,1,0,1,0,0000000,12,40,12,48,13,45,0,0,0,1,0
47,470545,1,1,0,1,1,1,1,157,1620,4,8,2016,5,5,42,1,2,3,4,6,WINCHESTER RD,,58,35.05245000,-89.959500000000,0,9,0,0,1,1,0,1,3,1,0,1,0,0000000,99,99,99,99,88,88,0,0,0,1,0
47,470546,3,3,0,0,0,3,3,189,1360,24,7,2016,1,8,12,1,2,1,1,1,I-40,,146,36.18240000,-86.308800000000,0,12,1,0,1,1,3,1,1,1,0,1,0,0000000,8,7,8,24,8,38,26,0,0,1,0
47,470547,2,2,0,0,0,3,3,161,545,4,8,2016,5,17,18,0,1,4,1,3,SR-149,,1,36.36848889,-87.645500000000,0,12,2,0,1,1,0,1,1,1,0,1,0,0000000,17,6,17,18,17,50,0,0,0,1,0
47,470548,1,1,0,0,0,1,1,13,0,7,8,2016,1,16,55,0,1,5,1,2,US-25W SR-9,,148,36.48866944,-84.072750000000,0,35,0,0,1,1,0,4,1,1,0,1,0,0000000,99,99,99,99,99,99,0,0,0,1,0
47,470549,1,1,0,0,0,1,1,57,0,17,7,2016,1,20,16,0,1,7,2,4,CR-PROMISELAND RD,,7,36.19635000,-83.647211110000,0,42,0,0,1,1,0,4,1,1,0,1,0,0000000,99,99,99,99,99,99,0,0,0,1,0
47,470550,1,1,0,0,0,1,1,157,1620,23,7,2016,7,3,50,1,2,3,4,6,AIRWAYS BLVD,,23,35.08491667,-89.986822220000,0,38,0,0,1,1,0,4,3,1,0,1,0,0000000,99,99,99,99,99,99,0,0,0,1,0
47,470551,2,2,0,0,0,6,6,113,0,6,8,2016,7,10,40,1,1,3,1,2,US-412 SR-20,,215,35.70920000,-88.617319440000,0,12,1,0,1,1,0,1,1,1,0,1,0,0000000,10,42,11,7,99,99,0,0,0,2,0
47,470552,1,1,0,0,0,1,1,167,0,6,8,2016,7,23,37,0,2,7,2,4,CR-MATHIS RD,,4,35.41358889,-89.864569440000,0,42,0,0,1,1,0,4,2,1,0,1,0,0000000,23,36,23,48,88,88,0,0,0,1,0
47,470553,3,3,0,0,0,3,3,169,0,10,8,2016,4,13,11,0,1,4,1,3,SR-10,,172,36.40980000,-86.101550000000,0,12,6,0,1,1,0,1,1,1,0,1,0,0000000,13,6,13,17,13,50,0,0,0,1,0
47,470554,1,1,0,1,1,1,1,109,842,11,8,2016,5,20,7,0,1,5,1,3,SR-199,,18,35.35786111,-88.608811110000,0,8,0,0,1,1,0,1,2,1,0,1,0,0000000,20,7,20,23,21,1,0,0,0,1,0
47,470555,1,1,0,1,1,1,1,145,1060,15,8,2016,2,21,2,1,2,3,1,2,US-27 SR-61 S. ROANE ST,,62,35.91618889,-84.577261110000,0,8,0,0,1,1,0,1,3,10,0,10,0,0000000,99,99,99,99,99,99,0,0,0,1,0
47,470556,2,2,0,0,0,4,4,39,0,5,8,2016,6,21,0,1,1,3,1,2,US-641 SR-69,,401,35.80591111,-88.091661110000,0,12,2,0,1,1,0,1,2,2,0,2,0,0000000,99,99,99,99,99,99,0,0,0,1,1
47,470557,1,1,0,1,1,1,1,123,1540,6,8,2016,7,20,35,0,2,7,4,6,ISBILL RD,,8,35.50443889,-84.372430560000,0,8,0,0,1,1,0,1,5,10,0,10,0,0000000,99,99,99,99,99,99,0,0,0,1,0
47,470558,1,1,0,1,1,1,1,93,1300,12,8,2016,6,21,2,0,2,5,4,6,N CHERRY ST,,5,35.99193056,-83.900569440000,0,8,0,1,18,1,0,1,3,1,0,1,0,0000000,99,99,99,99,99,99,0,0,0,1,0
47,470559,1,1,0,0,0,1,1,87,0,7,8,2016,1,15,35,0,1,6,2,4,CR-ROARING RIVER RD,,39,36.34973056,-85.563030560000,0,1,0,0,1,1,0,1,1,1,0,1,0,0000000,15,21,15,34,16,55,0,0,0,1,0
47,470560,2,2,0,0,0,2,2,105,1460,14,8,2016,1,5,12,0,2,4,1,3,SR-72,I-75 RAMP,109,35.73318056,-84.396788890000,0,1,0,1,2,2,0,1,2,1,0,1,0,0000000,99,99,99,99,99,99,0,0,0,1,0
47,470561,1,1,0,0,0,1,1,149,1750,13,8,2016,7,21,49,0,2,4,4,6,VETERANS PKWY,,51,35.81203056,-86.485119440000,0,33,0,0,1,1,0,4,3,1,0,1,0,0000000,21,46,21,55,22,18,0,0,0,1,1
47,470562,2,2,0,0,0,3,3,149,1345,13,8,2016,7,20,52,0,2,5,4,6,STONES RIVER RD,,57,36.03668889,-86.560069440000,0,12,2,0,1,1,0,1,2,10,0,10,0,0000000,20,35,20,39,21,16,0,0,0,1,1
47,470563,1,1,0,0,0,1,1,77,0,12,8,2016,6,99,99,1,1,3,1,2,US-412 SR-20,,248,35.63780000,-88.192630560000,0,42,0,0,1,1,0,4,1,10,0,10,0,0000000,99,99,99,99,99,99,0,0,0,1,0
47,470564,2,2,0,0,0,3,3,157,1620,15,8,2016,2,18,50,1,2,3,1,2,US-78 SR-4 LAMAR AVE,,33,35.03382500,-89.910863890000,0,12,6,0,1,1,0,1,1,2,0,2,0,0000000,99,99,99,99,99,99,0,0,0,1,0
47,470565,1,1,0,0,0,1,1,163,1280,11,6,2016,7,13,29,1,2,1,1,1,I-81,,75,36.49188611,-82.464719440000,0,35,0,0,1,1,0,4,1,1,0,1,0,0000000,99,99,99,99,99,99,0,0,0,1,0
47,470566,1,1,0,0,0,1,1,157,1620,14,8,2016,1,99,99,1,2,1,1,1,I-40 RAMP,,53,35.18958056,-90.013127780000,0,42,0,1,5,1,0,4,9,99,0,99,0,0000000,99,99,99,99,88,88,0,0,0,1,0
47,470567,2,2,0,0,0,4,4,85,0,12,8,2016,6,3,39,0,1,4,1,2,US-70 SR-1,,252,36.09701111,-87.585188890000,0,12,2,0,1,1,0,1,2,1,0,1,0,0000000,99,99,99,99,99,99,0,0,0,1,1
47,470568,2,2,0,0,0,3,3,65,400,7,8,2016,1,15,20,1,2,3,1,3,SR-58/319,S ACCESS RD,1,35.08908889,-85.219830560000,0,12,6,0,2,2,0,1,1,1,0,1,0,0000000,99,99,99,99,99,99,0,0,0,1,0
47,470569,1,1,0,0,0,2,2,37,75,20,6,2016,2,13,48,1,2,3,1,2,US-41/70S SR-1 MURFREESBORO RD,,302,36.04783889,-86.612050000000,0,30,0,0,1,1,0,4,1,1,0,1,0,0000000,13,50,13,58,14,32,0,0,0,1,0
47,470570,1,1,0,1,1,2,2,107,0,6,8,2016,7,23,40,0,1,7,2,4,CR-351,,11,35.54251111,-84.510488890000,0,9,0,0,1,1,0,1,2,1,0,1,0,0000000,99,99,99,99,99,99,0,0,0,1,0
47,470571,1,1,0,0,0,2,2,185,0,15,8,2016,2,6,21,0,1,7,2,4,CR-STEWART RD,,7,36.01030000,-85.462400000000,0,42,0,0,1,1,0,4,1,1,0,1,0,0000000,99,99,99,99,99,99,0,0,0,1,0
47,470572,1,1,0,0,0,1,1,149,0,17,8,2016,4,14,49,0,1,7,2,4,CR-MORGAN RD,,11,35.77811111,-86.579311110000,0,1,0,0,1,1,0,1,1,1,0,1,0,0000000,14,47,14,58,88,88,0,0,0,1,1
47,470573,2,2,0,0,0,3,3,157,1620,18,8,2016,5,22,10,1,2,3,1,2,US-78 SR-4 LAMAR AVE,PLEASANT HILL RD,26,35.02639722,-89.903561110000,0,12,6,0,2,2,0,1,2,1,0,1,0,0000000,99,99,99,99,99,99,0,0,0,2,1
47,470574,1,1,0,0,0,1,1,51,0,20,8,2016,7,3,14,0,1,5,1,3,SR-50 LYNCHBURG HWY,,91,35.18528889,-86.162411110000,0,34,0,0,1,1,0,4,2,1,0,1,0,0000000,99,99,99,99,99,99,0,0,0,1,0
47,470575,1,1,0,0,0,3,3,37,1760,6,8,2016,7,17,32,0,2,4,4,6,HARDING PL,,23,36.09176944,-86.834238890000,0,34,0,0,1,1,0,4,1,2,0,2,0,0000000,99,99,99,99,99,99,0,0,0,1,0
47,470576,2,2,0,0,0,4,4,165,890,12,8,2016,6,10,41,0,2,7,4,6,E JACKSON ST,N WATER RD,5,36.39965000,-86.445911110000,0,12,6,0,2,3,0,1,1,10,0,10,0,0000000,10,37,10,46,11,8,0,0,0,1,0
47,470577,1,1,0,0,0,1,1,113,0,13,8,2016,7,2,23,0,2,6,2,4,CR-CHRISTMASVILLE RD,,66,35.72418056,-88.765461110000,0,40,0,0,1,1,0,4,3,1,0,1,0,0000000,2,24,2,36,88,88,0,0,0,1,1
47,470578,1,1,0,0,0,1,1,107,0,15,8,2016,2,12,46,0,1,6,2,4,CR-725,,47,35.36371111,-84.686200000000,0,32,0,0,1,1,0,4,1,1,0,1,0,0000000,99,99,99,99,88,88,0,0,0,1,0
47,470579,1,1,0,1,1,2,2,167,0,6,8,2016,7,13,45,0,1,7,2,4,CR-JAMESTOWN RD,,4,35.54361944,-89.858788890000,0,8,0,0,1,1,0,1,1,1,0,1,0,0000000,13,59,14,28,88,88,0,0,0,1,0
47,470580,2,2,0,0,0,4,4,53,0,17,8,2016,4,17,50,0,1,6,2,4,CR-SANDERS STORE TO MILAN RD,,9,35.89768889,-88.826588890000,0,12,6,0,1,1,0,1,1,2,0,2,0,0000000,99,99,99,99,99,99,0,0,0,1,0
47,470581,2,2,0,0,0,2,2,59,0,20,8,2016,7,8,10,0,1,5,1,3,SR-350 JONES BRIDGE RD,,25,36.12948889,-82.801338890000,0,12,2,0,1,1,0,1,1,10,0,10,0,0000000,99,99,99,99,99,99,0,0,0,1,0
47,470583,1,1,0,0,0,1,1,99,0,13,8,2016,7,99,99,0,1,7,2,4,CR-VALLEY RD,,35,35.28773889,-87.358188890000,0,1,0,0,1,1,0,4,1,10,0,10,0,0000000,99,99,99,99,99,99,0,0,0,1,0
47,470584,1,1,0,1,1,1,1,71,0,20,8,2016,7,0,5,0,1,5,1,3,SR-142,,59,35.04730000,-88.335338890000,0,8,0,0,1,1,0,1,2,1,0,1,0,0000000,0,38,1,0,3,55,0,0,0,1,0
47,470585,1,1,0,0,0,1,1,29,0,25,8,2016,5,0,45,0,1,5,1,3,SR-340,,119,36.08515000,-83.058361110000,0,42,0,0,1,1,0,4,2,1,0,1,0,0000000,99,99,99,99,99,99,0,0,0,1,0
47,470586,2,2,0,0,0,3,3,155,0,19,8,2016,6,15,7,0,1,7,2,4,CR-NUNS COVE RD,CR-SHARP RD,19,35.86576944,-83.417250000000,0,12,6,0,2,2,0,1,1,10,0,10,0,0000000,99,99,99,99,99,99,0,0,0,1,0
47,470587,1,1,0,0,0,1,1,157,1620,23,8,2016,3,5,50,1,2,3,1,3,SR-14 JACKSON AVE,,142,35.15975833,-90.005375000000,0,42,0,0,1,1,0,3,4,1,0,1,0,0000000,99,99,99,99,88,88,0,0,0,1,0
47,470588,2,2,0,0,0,2,2,115,0,19,8,2016,6,13,46,1,1,1,1,1,I-24,,288,35.00258889,-85.512100000000,0,57,0,0,1,1,0,3,1,10,0,10,0,0000000,14,51,15,8,88,88,0,0,0,1,0
47,470589,1,1,0,0,0,1,1,81,0,19,8,2016,6,20,12,0,1,4,1,3,SR-48/100,,85,35.71853889,-87.477769440000,0,42,0,0,1,1,0,4,2,2,0,2,0,0000000,99,99,99,99,88,88,0,0,0,1,0
47,470590,1,1,0,0,0,1,1,35,0,24,8,2016,4,21,50,0,1,4,1,3,SR-68,,82,35.82761944,-84.908538890000,0,24,0,0,1,1,0,4,2,1,0,1,0,0000000,99,99,99,99,99,99,0,0,0,1,0
47,470591,1,1,0,1,1,1,1,93,1300,20,8,2016,7,21,45,1,2,1,1,1,I-40,,53,35.90408056,-84.153830560000,0,8,0,0,1,1,0,1,2,10,0,10,0,0000000,99,99,99,99,88,88,0,0,0,1,0
47,470592,1,1,0,0,0,1,1,105,0,11,8,2016,5,1,51,1,2,1,1,1,I-75,,179,35.86656944,-84.258519440000,0,1,0,0,1,1,0,1,2,99,0,99,0,0000000,18,27,19,14,88,88,0,0,0,1,0
47,470593,2,1,1,0,0,1,1,157,1620,2,8,2016,3,16,25,0,2,7,4,6,TRUDY ST,,1,35.23651389,-89.935616670000,0,14,0,0,1,1,0,7,1,1,0,1,0,0000000,99,99,99,99,99,99,0,0,0,1,0
47,470594,1,1,0,0,0,1,1,157,1620,14,8,2016,1,3,15,1,2,2,1,3,SR-300 RAMP,,12,35.14953333,-90.048980560000,0,35,0,1,5,1,0,4,3,1,0,1,0,0000000,3,19,99,99,3,50,0,0,0,1,0
47,470595,1,1,0,0,0,1,1,11,0,17,8,2016,4,11,5,1,1,1,1,1,I-75 US-74,,21,35.13853889,-84.992150000000,0,58,0,0,1,1,0,3,1,1,0,1,0,0000000,99,99,99,99,99,99,0,0,0,1,0
47,470596,1,1,0,1,1,1,1,109,0,18,8,2016,5,22,20,0,1,7,2,4,CR-PAYNE RD,,35,35.31333889,-88.607819440000,0,8,0,0,1,1,0,1,2,1,0,1,0,0000000,99,99,99,99,88,88,0,0,0,1,1
47,470597,1,1,0,0,0,2,2,145,0,24,8,2016,4,14,0,0,1,6,2,4,CR-POPLAR CREEK RD,,120,35.98536111,-84.360047220000,0,30,0,0,1,1,0,4,1,1,0,1,0,0000000,99,99,99,99,99,99,20,0,0,1,0
47,470598,2,2,0,0,0,3,3,157,1620,23,8,2016,3,19,58,1,2,3,1,3,SR-175 SHELBY DR,SR-176 GETWELL RD,98,35.02064167,-89.936869440000,0,12,6,0,2,2,0,1,3,1,0,1,0,0000000,20,3,20,9,88,88,0,0,0,1,0