STATE,ST_CASE,VE_TOTAL,VE_FORMS,PVH_INVL,PEDS,PERNOTMVIT,PERMVIT,PERSONS,COUNTY,CITY,DAY,MONTH,YEAR,DAY_WEEK,HOUR,MINUTE,NHS,RUR_URB,FUNC_SYS,RD_OWNER,ROUTE,TWAY_ID,TWAY_ID2,MILEPT,LATITUDE,LONGITUD,SP_JUR,HARM_EV,MAN_COLL,RELJCT1,RELJCT2,TYP_INT,WRK_ZONE,REL_ROAD,LGT_COND,WEATHER1,WEATHER2,WEATHER,SCH_BUS,RAIL,NOT_HOUR,NOT_MIN,ARR_HOUR,ARR_MIN,HOSP_HR,HOSP_MN,CF1,CF2,CF3,FATALS,DRUNK_DR
47,470599,2,2,0,0,0,3,3,9,2410,27,8,2016,7,13,3,1,1,3,1,2,US-321 SR-73,,283,35.67530000,-83.760300000000,0,12,6,0,8,1,0,1,1,10,0,10,0,0000000,13,4,13,5,14,9,0,0,0,1,0
47,470600,1,1,0,0,0,1,1,151,1077,25,8,2016,5,19,27,0,1,7,2,6,HELENWOOD DETOUR RD,,19,36.43776111,-84.543394440000,0,1,0,0,1,1,0,1,5,10,0,10,0,0000000,19,30,19,37,20,33,0,0,0,1,0
47,470601,2,2,0,0,0,5,5,157,1620,23,8,2016,3,20,30,0,2,4,4,6,MILL BRANCH RD,,39,35.05115278,-90.007408330000,0,12,6,0,8,1,0,1,1,1,0,1,0,0000000,99,99,99,99,99,99,0,0,0,1,0
47,470602,1,1,0,0,0,1,1,123,0,15,8,2016,2,1,55,0,1,6,2,4,CR-OLD HWY 68,,33,35.57850000,-84.423980560000,0,35,0,0,1,1,0,4,3,10,0,10,0,0000000,1,57,2,7,2,31,0,0,0,1,0
47,470603,1,1,0,0,0,2,2,109,0,26,8,2016,6,13,18,0,1,5,1,3,SR-234 CHEWELLA RD,,36,35.02973889,-88.640261110000,0,18,0,0,1,1,0,1,1,10,0,10,0,0000000,13,13,13,44,14,34,0,0,0,1,0
47,470604,2,2,0,0,0,3,3,77,1390,15,8,2016,2,13,50,1,2,3,1,3,SR-22 S BROAD ST,N MAIN ST,113,35.65020000,-88.394319440000,0,12,6,0,2,2,0,1,1,1,0,1,0,0000000,99,99,99,99,99,99,0,0,0,1,0
47,470605,1,1,0,1,1,1,1,37,1760,24,8,2016,4,23,17,0,2,5,4,6,CLIFTON AVE,,7,36.15908889,-86.822338890000,0,8,0,0,1,1,0,1,3,1,0,1,0,0000000,23,17,23,21,23,35,0,0,0,1,0
47,470606,1,1,0,1,1,2,2,37,1760,27,8,2016,7,22,35,1,2,1,1,1,I-40,,153,36.16750000,-86.816100000000,0,8,0,1,18,1,0,1,2,1,0,1,0,0000000,22,35,22,42,88,88,0,0,0,1,0
47,470607,1,1,0,0,0,1,1,149,0,27,8,2016,7,16,55,0,1,5,1,3,SR-269 LIBERTY PIKE,,3,35.65410000,-86.360011110000,0,1,0,0,1,1,0,4,1,1,0,1,0,0000000,19,46,20,2,20,52,0,0,0,1,1
47,470608,1,1,0,0,0,1,1,165,0,29,8,2016,2,99,99,0,2,7,2,4,CR-ALBRIGHT LN,,29,36.36408056,-86.399880560000,0,1,0,0,1,1,0,4,3,1,0,1,0,0000000,22,10,22,18,88,88,0,0,0,1,1
47,470609,2,2,0,0,0,3,3,63,1700,1,9,2016,5,15,54,0,2,5,1,3,SR-113 SPRINGVALE RD,SR-160 ENKA HWY,26,36.18090000,-83.235180560000,0,12,6,0,2,2,0,1,1,1,0,1,0,0000000,15,54,16,8,16,27,0,0,0,1,0
47,470610,2,2,0,0,0,3,3,37,1760,31,7,2016,1,21,30,1,2,3,1,3,SR-254 OLD HICKORY BLVD,,105,36.03931111,-86.729061110000,0,12,2,0,1,1,0,1,3,1,0,1,0,0000000,21,29,21,32,22,5,0,0,0,1,0
47,470611,2,2,0,0,0,3,3,157,1620,25,8,2016,5,8,51,0,2,4,4,6,JAMES RD,,20,35.19765000,-90.000497220000,0,12,1,0,1,1,0,1,1,1,0,1,0,0000000,99,99,99,99,88,88,0,0,0,1,0
47,470612,2,2,0,0,0,2,2,43,0,27,8,2016,7,8,45,0,2,4,1,3,SR-96,,73,36.03598889,-87.237161110000,0,12,8,0,1,1,0,1,1,1,0,1,0,0000000,8,40,8,46,99,99,0,0,0,1,0
47,470613,1,1,0,0,0,1,1,141,170,31,8,2016,4,11,52,0,2,4,1,2,US-70N SR-24 NASHVILLE HWY,,112,36.17038056,-85.635100000000,0,53,0,0,1,1,0,4,1,1,0,1,0,0000000,11,52,11,55,12,22,21,0,0,1,0
47,470614,1,1,0,0,0,1,1,3,0,31,8,2016,4,19,0,0,1,5,1,3,SR-269 CORTNER RD,,180,35.45540000,-86.260038890000,0,59,0,0,1,1,0,4,5,1,0,1,0,0000000,6,24,6,41,88,88,0,0,0,1,0
47,470615,1,1,0,1,1,1,1,33,0,27,7,2016,4,11,23,0,1,5,1,3,SR-54/88,,49,35.79803889,-89.164319440000,0,8,0,0,1,1,1,1,1,1,0,1,0,0000000,99,99,99,99,88,88,0,0,0,1,0
47,470616,1,1,0,0,0,2,2,5,0,28,8,2016,1,99,99,0,1,7,2,4,CR-EAGLE CREEK RD,,3,35.89615000,-88.027611110000,0,42,0,0,1,1,0,4,9,1,0,1,0,0000000,10,41,10,52,12,43,0,0,0,1,1
47,470617,1,1,0,0,0,1,1,65,0,31,8,2016,4,18,40,0,2,7,40,6,BOY SCOUT RD,,1,35.18426111,-85.252019440000,0,35,0,0,1,1,0,4,1,1,0,1,0,0000000,18,41,18,50,19,11,0,0,0,1,0
47,470618,1,1,0,0,0,1,1,37,1760,1,9,2016,5,0,51,0,2,7,4,6,ACORN DR,,12,36.15280000,-86.700469440000,0,21,0,0,1,1,0,4,2,1,0,1,0,0000000,0,51,0,58,1,20,0,0,0,1,0
47,470619,1,1,0,0,0,1,1,141,1680,2,9,2016,6,23,1,1,1,1,1,1,I-40,,332,36.13938056,-85.282788890000,0,57,0,1,19,1,0,3,2,1,0,1,0,0000000,23,2,23,9,88,88,0,0,0,1,1
47,470620,2,2,0,0,0,4,4,101,0,2,9,2016,6,10,25,0,1,4,1,3,SR-20 SUMMERTIME HWY,CR-GRINDERS CREEK RD,110,35.52203056,-87.483250000000,0,12,2,0,2,3,0,1,1,1,0,1,0,0000000,10,23,10,31,11,44,0,0,0,1,0
47,470621,2,2,0,0,0,6,6,149,0,5,9,2016,2,9,7,0,2,5,2,4,CR-WOODBURY PIKE/ E MAIN ST,,8,35.83841944,-86.345700000000,0,12,2,0,1,1,0,1,1,1,0,1,0,0000000,10,4,10,16,99,99,0,0,0,1,0
47,470622,1,1,0,0,0,1,1,163,290,4,9,2016,1,20,37,0,2,4,4,6,RAYTHEON RD,,74,36.55469444,-82.196236110000,0,11,0,0,1,1,0,1,3,1,0,1,0,0000000,20,38,20,43,21,14,0,0,0,1,0
47,470623,2,2,0,0,0,2,2,17,0,22,8,2016,2,15,30,1,1,3,1,2,US-79 SR-76 BROAD ST,,44,35.99926944,-88.637188890000,0,12,2,0,1,1,0,1,1,10,0,10,0,0000000,15,37,16,0,88,88,0,0,0,1,0
47,470624,2,2,0,0,0,2,2,157,1620,7,9,2016,4,7,40,1,2,3,1,3,SR-175 E SHELBY DR,MILL BRANCH RD,58,35.02113056,-90.007486110000,0,12,6,0,2,2,0,1,1,1,0,1,1,0000000,99,99,99,99,88,88,0,0,0,1,0
47,470625,1,1,0,0,0,1,1,13,1320,14,7,2016,5,9,32,1,2,3,1,3,SR-63 E CENTRAL AVE,,70,36.38706944,-84.114638890000,0,30,0,0,1,1,0,4,1,1,0,1,0,0000000,11,6,11,9,12,30,0,0,0,1,0
47,470626,1,1,0,0,0,1,1,177,0,20,8,2016,7,18,35,0,1,6,2,4,CR-FRANCIS FERRY RD,,101,35.73226111,-85.746819440000,0,53,0,0,1,1,0,4,1,2,0,2,0,0000000,18,28,18,39,20,4,0,0,0,1,0
47,470627,1,1,0,0,0,4,4,45,0,28,8,2016,1,16,30,0,1,6,2,4,CR-827 ROELLEN NEWBERN RD,,5,36.03046944,-89.280038890000,0,53,0,0,1,1,0,4,1,1,0,1,0,0000000,16,36,16,41,17,15,0,0,0,1,0
47,470628,1,1,0,1,1,2,2,1,1850,7,9,2016,4,6,49,1,2,3,1,3,SR-95 OAK RIDGE TURNPIKE,,49,36.02288056,-84.244550000000,0,8,0,0,1,1,0,1,3,1,0,1,0,0000000,6,54,6,59,7,4,0,0,0,1,0
47,470629,2,2,0,0,0,3,3,189,1727,20,8,2016,7,21,26,1,2,3,1,2,US-70 SR-24 LEBANON RD,W SUNSET DR,36,36.23105000,-86.522430560000,0,12,6,0,2,3,0,1,2,2,0,2,0,0000000,21,25,21,37,22,17,0,0,0,1,1
47,470630,4,4,0,0,0,7,7,165,1648,3,9,2016,7,21,39,1,2,1,1,1,I-65,,46,36.39641944,-86.716961110000,0,12,11,0,1,1,0,1,2,1,0,1,0,0000000,21,40,21,52,23,21,0,0,0,1,0
47,470631,1,1,0,0,0,1,1,59,1010,10,9,2016,7,17,0,0,2,4,4,6,SNAPPS FERRY RD,,0,36.17728889,-82.803344440000,0,21,0,0,1,1,0,4,1,1,0,1,0,0000000,16,58,17,10,88,88,0,0,0,1,1
47,470632,2,2,0,0,0,2,2,179,1250,10,9,2016,7,9,55,1,2,3,1,3,SR-36 N ROAN ST,E. MOUNTAINVIEW RD,8,36.36393889,-82.394719440000,0,12,6,0,2,2,0,1,1,1,0,1,0,0000000,9,57,10,4,10,28,0,0,0,1,0
47,470633,1,1,0,0,0,1,1,37,1760,3,8,2016,4,4,30,1,2,1,1,1,I-40,,121,36.15058889,-86.865319440000,0,1,0,0,1,1,0,1,3,1,0,1,0,0000000,4,28,4,42,4,52,0,0,0,1,1
47,470634,1,1,0,0,0,1,1,37,1760,4,8,2016,5,19,5,1,2,1,1,1,I-65,,132,36.22811111,-86.772419440000,0,34,0,1,19,1,0,3,3,1,0,1,0,0000000,99,99,99,99,88,88,0,0,0,1,1
47,470635,1,1,0,0,0,1,1,37,1760,4,9,2016,1,99,99,0,2,7,4,6,W HAMILTON RD,,4,36.20885000,-86.833511110000,0,38,0,0,1,1,0,4,9,99,0,99,0,0000000,13,19,13,30,88,88,0,0,0,1,1
47,470636,1,1,0,1,1,2,2,37,195,1,8,2016,2,0,55,0,2,5,4,6,SAWYER BROWN RD,,7,36.06816111,-86.949350000000,0,30,0,0,1,1,0,4,3,1,0,1,0,0000000,99,99,99,99,99,99,0,0,0,1,1
47,470637,3,3,0,0,0,4,4,189,0,23,8,2016,3,18,0,1,1,3,1,2,US-231 SR-10 HUNTERS POINT PK,,180,36.26091944,-86.284350000000,0,12,1,0,8,1,0,1,1,1,0,1,0,0000000,18,3,18,26,19,0,0,0,0,1,0
47,470638,1,1,0,1,1,0,0,93,1300,3,9,2016,7,99,99,0,2,7,4,6,RIDGEWOOD RD,,2,36.04921111,-83.930427780000,0,42,0,0,1,1,0,4,9,99,0,99,0,0000000,99,99,99,99,88,88,0,0,0,1,0
47,470639,2,2,0,0,0,4,4,163,1280,11,9,2016,1,22,45,1,2,3,1,2,US-11W SR-1 E STONE DR,CLINCHFIELD ST,34,36.55945278,-82.554938890000,0,12,2,0,2,2,0,1,3,1,0,1,0,0000000,22,48,22,52,23,7,0,0,0,1,0
47,470640,2,2,0,0,0,3,3,157,0,6,9,2016,3,16,10,0,1,4,2,4,CR-HACKS CROSS RD,,8,35.02047778,-89.796011110000,0,12,6,0,8,1,0,1,1,1,0,1,0,0000000,99,99,99,99,99,99,0,0,0,1,0
47,470641,2,2,0,0,0,2,2,99,1350,1,9,2016,5,13,56,0,1,4,1,3,SR-20,CR-SHADY ST,15,35.43556111,-87.305880560000,0,12,6,0,2,3,0,1,1,1,0,1,0,0000000,13,51,14,8,99,99,0,0,0,1,0
47,470642,2,2,0,0,0,15,15,159,0,4,9,2016,1,14,45,0,1,4,1,3,SR-25 DIXON SPRINGS HWY,CR-HALLIE LN,34,36.33356111,-86.025269440000,0,12,6,0,2,3,0,1,1,1,0,1,0,0000000,14,42,14,51,15,11,0,0,0,1,0
47,470643,1,1,0,0,0,1,1,65,2260,10,9,2016,7,3,0,0,2,4,4,6,DAYTON PK,,14,35.20575556,-85.234825000000,0,34,0,0,1,1,0,4,2,1,0,1,0,0000000,4,56,5,13,88,88,0,0,0,1,1
47,470644,2,2,0,0,0,3,3,11,420,14,8,2016,1,12,52,0,2,4,2,6,BENTON PK,,10,35.15806944,-84.829361110000,0,12,2,0,1,1,0,1,1,1,0,1,0,0000000,12,51,12,59,14,0,0,0,0,1,0
47,470645,1,1,0,0,0,2,2,103,0,6,9,2016,3,18,50,0,1,5,1,3,SR-275 OLIVER SMITH RD,,105,35.05283889,-86.441030560000,0,38,0,0,1,1,0,4,1,1,0,1,0,0000000,99,99,99,99,99,99,0,0,0,2,1
47,470646,1,1,0,0,0,1,1,133,0,12,9,2016,2,20,5,0,1,5,1,3,SR-136,,39,36.34383056,-85.422600000000,0,35,0,0,1,1,0,4,2,1,0,1,0,0000000,20,13,20,24,88,88,0,0,0,1,1
47,470647,1,1,0,0,0,1,1,93,0,12,9,2016,2,14,43,0,2,4,2,4,CR-TIPTON STATION RD,,29,35.89513889,-83.853769440000,0,24,0,0,1,1,0,4,1,1,0,1,0,0000000,14,45,14,53,88,88,0,0,0,1,0
47,470648,1,1,0,0,0,3,3,157,1620,13,9,2016,3,12,21,0,2,4,1,3,SR-175 SHELBY DR,,32,35.02092222,-90.052497220000,0,33,0,0,1,1,0,4,1,1,0,1,0,0000000,12,25,12,29,13,10,0,0,0,1,0
47,470649,2,1,1,0,0,1,1,37,1760,30,5,2016,2,13,1,1,2,2,1,3,SR-155 BRILEY PKWY,,207,36.22813889,-86.846269440000,0,14,0,0,1,1,0,2,1,1,0,1,0,0000000,13,1,13,16,13,45,0,0,0,1,0
47,470650,6,2,4,0,0,2,2,157,1620,12,9,2016,2,15,25,1,2,3,1,2,US-51 SR-3 THOMAS ST,MILLINGTON RD,194,35.24147222,-90.009408330000,0,12,6,0,2,3,0,1,1,1,0,1,0,0000000,15,35,15,51,16,7,14,0,0,1,0
47,470651,1,1,0,0,0,2,2,113,0,10,9,2016,7,20,4,1,2,3,1,2,US-45 SR-5,,71,35.54353056,-88.798569440000,0,1,0,0,1,1,0,4,3,1,0,1,0,0000000,20,7,20,18,99,99,0,0,0,1,0
47,470652,1,1,0,0,0,2,2,63,0,10,9,2016,7,15,0,1,1,1,1,1,I-81,,27,36.15241111,-83.244100000000,0,1,0,0,1,1,0,1,1,1,0,1,0,0000000,15,7,15,9,16,17,0,0,0,1,0
47,470653,1,1,0,0,0,2,2,65,0,28,8,2016,1,13,14,1,2,1,1,1,I-24,,4,34.98396111,-85.408711110000,0,57,0,0,1,1,0,4,1,1,0,1,0,0000000,99,99,99,99,99,99,0,0,0,1,0
47,470654,1,1,0,0,0,1,1,145,0,14,9,2016,4,15,55,0,1,5,1,3,SR-304 RIVER RD,,91,35.81396111,-84.590611110000,0,1,0,0,1,1,0,4,1,1,0,1,0,0000000,16,0,16,7,88,88,0,0,0,1,1
47,470655,2,2,0,0,0,3,3,169,0,10,9,2016,7,17,22,1,1,3,1,2,US-231 SR-10,,58,36.38296111,-86.260111110000,0,12,2,0,1,1,0,1,1,2,0,2,0,0000000,99,99,99,99,99,99,0,0,0,1,1
47,470656,1,1,0,0,0,3,3,27,0,15,9,2016,5,17,10,0,1,7,2,4,CR-OLD HWY 52,,0,36.51395000,-85.468388890000,0,30,0,0,1,1,0,4,1,1,0,1,0,0000000,17,5,17,15,17,43,0,0,0,1,1
47,470657,1,1,0,0,0,1,1,183,0,3,7,2016,1,12,3,0,1,5,1,3,SR-54,,25,36.18245000,-88.771819440000,0,34,0,0,1,1,0,4,1,1,0,1,0,0000000,11,53,11,59,99,99,0,0,0,1,0
47,470658,2,2,0,0,0,2,2,93,1300,16,9,2016,6,11,42,1,2,3,1,2,US-11/70 SR-1 KINGSTON PK,,107,35.92361944,-84.056911110000,0,12,6,0,8,1,0,1,1,1,0,1,0,0000000,11,42,99,99,88,88,0,0,0,1,0
47,470659,2,2,0,0,0,2,2,155,2170,17,9,2016,7,9,43,0,2,5,4,6,PARK RD,PARKWAY RD,2,35.86431111,-83.563961110000,0,12,8,0,2,7,0,1,1,1,0,1,0,0000000,9,47,9,52,10,7,0,0,0,1,0
47,470660,2,2,0,0,0,3,3,37,1760,28,8,2016,1,3,2,1,2,3,1,3,SR-254 BELL RD,,164,36.05958056,-86.641061110000,0,12,6,0,8,1,0,1,3,1,0,1,0,0000000,99,99,99,99,99,99,0,0,0,1,0
47,470661,2,2,0,0,0,2,2,93,1973,9,9,2016,6,19,0,0,2,4,1,3,SR-131 W EMORY RD,,112,36.01295000,-84.065838890000,0,12,6,0,8,1,0,1,1,1,0,1,0,0000000,19,8,19,13,19,36,0,0,0,1,0
47,470662,1,1,0,1,1,1,1,39,0,19,9,2016,2,19,30,1,1,3,1,2,US-641 SR-69 STATE HWY 69 S,,259,35.61350000,-88.121519440000,0,9,0,0,1,1,0,1,2,1,0,1,0,0000000,99,99,99,99,99,99,0,0,0,1,0
47,470663,1,1,0,1,1,1,1,157,1620,22,9,2016,5,1,24,1,2,3,1,3,SR-175 SHELBY DR,,131,35.02051389,-89.878088890000,0,8,0,0,1,1,0,1,2,1,0,1,0,0000000,1,29,1,37,88,88,0,0,0,1,0
47,470664,1,1,0,1,1,1,1,37,1760,19,9,2016,2,0,8,1,2,1,1,1,I-40,,161,36.17080000,-86.804511110000,0,8,0,0,1,1,0,1,3,1,0,1,0,0000000,0,8,0,14,88,88,0,0,0,1,0
47,470665,1,1,0,1,1,1,1,157,1620,20,9,2016,3,8,48,0,2,4,4,6,WARING RD,,9,35.14457500,-89.915919440000,0,8,0,0,1,1,0,1,1,1,0,1,0,0000000,8,54,9,8,9,8,0,0,0,1,0
47,470666,1,1,0,0,0,4,4,37,1760,11,9,2016,1,19,14,1,2,1,1,1,I-24 RAMP,,201,36.08750000,-86.700850000000,0,1,0,1,5,1,0,2,5,1,0,1,0,0000000,19,14,19,18,19,39,0,0,0,2,1
47,470667,1,1,0,0,0,4,4,165,890,16,7,2016,7,21,9,0,2,7,4,6,ALBATROSS LN,REYNARD DR,1,36.34291111,-86.507861110000,0,5,0,0,2,2,0,1,2,1,0,1,0,0000000,21,2,21,16,99,99,0,0,0,1,1
47,470668,3,3,0,0,0,4,4,111,0,10,9,2016,7,17,5,0,1,6,2,4,CR-OLD HWY 52,,37,36.52346111,-86.173200000000,0,51,0,0,1,1,0,1,1,2,0,2,0,0000000,17,6,17,18,99,99,0,0,0,3,0
47,470669,1,1,0,0,0,1,1,77,0,30,8,2016,3,11,0,0,1,7,2,4,CR-BOSS WADLEY RD,,14,35.53280000,-88.510019440000,0,5,0,0,1,1,0,4,1,1,0,1,0,0000000,10,54,11,13,11,52,0,0,0,1,0
47,470670,2,2,0,0,0,3,3,19,760,22,9,2016,5,19,1,1,2,3,1,2,US-19E/321 SR-37,,206,36.33403056,-82.203250000000,0,12,6,0,4,1,0,1,1,10,0,10,0,0000000,19,1,19,1,19,30,0,0,0,2,0
47,470671,1,1,0,0,0,1,1,59,1010,22,9,2016,5,17,28,0,2,7,4,6,BOHANNON AVE,,6,36.17642500,-82.813961110000,0,30,0,0,1,1,0,4,1,1,0,1,0,0000000,17,28,17,36,18,27,0,0,0,1,1
47,470672,1,1,0,0,0,1,1,119,0,20,9,2016,3,1,45,0,1,6,2,4,CR-MOORE LN,,8,35.47536944,-87.060188890000,0,42,0,0,1,1,0,4,2,5,0,5,0,0000000,1,52,2,9,88,88,0,0,0,1,0
47,470673,2,2,0,0,0,2,2,145,1060,13,9,2016,3,16,34,1,2,3,1,2,US-27 SR-61 SR ROANE ST,WOODY AVE,68,35.91860000,-84.567019440000,0,12,6,0,2,3,0,1,1,1,0,1,0,0000000,16,38,16,44,17,40,0,0,0,1,0
47,470674,2,2,0,0,0,5,5,13,0,23,9,2016,6,16,12,0,1,6,2,4,CR-MIDDLESBORO HWY,CR-CLAWSON RD,30,36.42408889,-84.016569440000,0,12,6,0,2,3,0,1,1,1,0,1,0,0000000,17,12,17,18,18,3,0,0,0,1,0
47,470675,1,1,0,0,0,1,1,125,0,25,9,2016,1,20,28,0,2,7,2,4,CR-PALMYRA RD,,2,36.46403889,-87.410200000000,0,58,0,0,1,1,0,4,2,1,0,1,0,0000000,20,21,20,24,88,88,0,0,0,1,1
47,470676,2,2,0,0,0,3,3,125,410,18,9,2016,1,15,8,1,2,3,1,3,SR-76 MARTIN LUTHER KING JR PK,I-24,178,36.52578889,-87.219900000000,0,12,6,1,2,2,0,1,1,1,0,1,0,0000000,14,58,15,6,15,30,0,0,0,1,0
47,470677,2,2,0,0,0,2,2,157,1620,26,9,2016,2,21,9,0,2,4,4,6,PARK AVE,,24,35.10788889,-89.946047220000,0,12,2,0,8,1,0,1,3,1,0,1,0,0000000,21,8,21,14,21,27,0,0,0,1,0
47,470678,1,1,0,2,2,2,2,37,1760,15,8,2016,2,17,28,0,6,96,96,8,NONE,,0,36.04713056,-86.717800000000,0,8,0,0,1,1,0,1,1,1,0,1,0,0000000,99,99,99,99,99,99,0,0,0,1,0
47,470679,1,1,0,1,1,1,1,141,480,14,9,2016,4,22,2,1,2,3,4,6,E 10TH ST,,1,36.17535000,-85.495711110000,0,8,0,0,1,1,0,99,3,1,0,1,0,0000000,22,4,22,8,23,25,0,0,0,1,0
47,470680,1,1,0,0,0,1,1,145,0,1,6,2016,4,12,41,0,1,4,1,3,SR-58 DECATUR HWY,,109,35.85321111,-84.540838890000,0,42,0,0,1,1,0,4,1,1,0,1,0,0000000,12,39,12,53,88,88,0,0,0,1,0
47,470681,1,1,0,0,0,1,1,117,0,24,9,2016,7,19,7,0,1,7,2,4,CR-PICKLE RD,,7,35.45886944,-86.907430560000,0,5,0,0,1,1,0,1,5,1,0,1,0,0000000,19,7,19,21,88,88,0,0,0,1,1
47,470682,1,1,0,1,1,3,3,157,1620,17,9,2016,7,20,8,0,2,4,4,6,MACON RD,,31,35.16577500,-89.843700000000,0,8,0,0,1,1,0,1,3,1,0,1,0,0000000,99,99,99,99,99,99,0,0,0,1,0
47,470683,1,1,0,0,0,1,1,35,0,24,9,2016,7,12,10,0,1,5,1,2,US-70N SR-24,,124,35.99406944,-85.091138890000,0,24,0,0,1,1,0,4,1,1,0,1,0,0000000,12,8,12,16,88,88,0,0,0,1,1
47,470684,1,1,0,0,0,1,1,187,0,26,9,2016,2,11,58,1,1,3,1,3,SR-840,,184,35.82150000,-86.953400000000,0,35,0,0,1,1,0,4,1,10,0,10,0,0000000,11,54,12,4,88,88,0,0,0,1,0
47,470685,1,1,0,0,0,1,1,37,1760,27,9,2016,3,2,21,1,1,1,1,1,I-24,,75,36.28955000,-86.809588890000,0,1,0,0,1,1,0,3,3,1,0,1,0,0000000,2,20,2,29,88,88,0,0,0,1,1
47,470686,3,3,0,0,0,4,4,163,1280,23,9,2016,6,2,6,1,2,3,1,2,US-11W SR-1 W STONE DR,,11,36.55560000,-82.596180560000,0,12,1,0,1,1,0,1,3,1,0,1,0,0000000,2,9,2,13,88,88,0,0,0,1,1
47,470687,3,3,0,0,0,7,7,57,173,23,9,2016,6,10,45,1,1,3,1,2,US-25E SR-32,SR-375 LAKE SHORE RD,36,36.30915000,-83.292811110000,0,12,6,0,2,3,0,1,1,1,0,1,0,0000000,10,49,11,9,11,53,0,0,0,2,0
47,470688,2,2,0,0,0,2,2,157,1620,25,9,2016,1,2,32,1,2,1,1,1,I-40,,156,35.16420833,-89.864544440000,0,12,1,1,18,1,1,1,3,1,0,1,0,0000000,2,23,2,41,3,5,0,0,0,1,0
47,470689,2,2,0,0,0,3,3,131,0,24,9,2016,7,6,38,1,1,3,1,2,US-51 SR-3,,159,36.39863056,-89.092650000000,0,12,1,0,1,1,1,1,1,1,0,1,0,0000000,99,99,99,99,99,99,0,0,0,1,0
47,470690,1,1,0,0,0,1,1,135,0,30,9,2016,6,22,30,0,1,7,2,4,CR-ROAN CREEK RD,,84,35.75056111,-87.852300000000,0,35,0,0,1,1,0,4,1,1,0,1,0,0000000,99,99,99,99,88,88,0,0,0,1,1
47,470691,3,1,2,0,0,1,1,107,110,2,10,2016,1,15,24,0,2,7,4,6,HOWARD ST,,3,35.44418889,-84.601611110000,0,10,0,0,6,1,0,1,1,1,0,1,0,731576W,99,99,99,99,99,99,0,0,0,1,0
47,470692,2,2,0,0,0,2,2,37,1760,26,9,2016,2,11,29,1,2,2,1,2,US-31E SR-6 ELLINGTON PKWY,,139,36.21721944,-86.747488890000,0,12,2,1,18,1,0,1,1,10,0,10,0,0000000,11,31,11,38,12,9,0,0,0,1,0
47,470693,2,2,0,1,1,5,5,157,1620,24,9,2016,7,22,30,1,2,3,1,2,US-61 SR-14 S THIRD ST,,1,34.99573056,-90.125694440000,0,8,0,0,1,1,0,1,2,1,0,1,0,0000000,22,28,22,34,99,99,0,0,0,1,0
47,470694,4,4,0,0,0,7,7,1,0,30,9,2016,6,11,20,0,2,3,1,2,US-25W SR-9,,170,36.02700000,-84.085319440000,0,12,2,0,1,1,0,1,1,1,0,1,0,0000000,11,23,11,32,99,99,0,0,0,2,0
47,470695,3,3,0,0,0,3,3,31,0,14,9,2016,4,23,44,1,2,1,1,1,I-24,,192,35.43113889,-86.029900000000,0,12,6,0,1,1,0,1,3,1,0,1,0,0000000,23,39,23,51,88,88,19,27,0,1,1