STATE,ST_CASE,VE_TOTAL,VE_FORMS,PVH_INVL,PEDS,PERNOTMVIT,PERMVIT,PERSONS,COUNTY,CITY,DAY,MONTH,YEAR,DAY_WEEK,HOUR,MINUTE,NHS,RUR_URB,FUNC_SYS,RD_OWNER,ROUTE,TWAY_ID,TWAY_ID2,MILEPT,LATITUDE,LONGITUD,SP_JUR,HARM_EV,MAN_COLL,RELJCT1,RELJCT2,TYP_INT,WRK_ZONE,REL_ROAD,LGT_COND,WEATHER1,WEATHER2,WEATHER,SCH_BUS,RAIL,NOT_HOUR,NOT_MIN,ARR_HOUR,ARR_MIN,HOSP_HR,HOSP_MN,CF1,CF2,CF3,FATALS,DRUNK_DR
47,470696,1,1,0,0,0,2,2,115,0,21,9,2016,4,3,28,1,1,1,1,1,I-24 US-64 SR-2,,64,35.16941944,-85.792638890000,0,1,0,0,1,1,0,4,2,1,0,1,0,0000000,5,19,5,30,99,99,0,0,0,1,0
47,470697,1,1,0,0,0,1,1,17,1180,1,10,2016,7,99,99,0,1,6,4,6,NORTHWOOD DR,,22,36.01778889,-88.389538890000,0,42,0,0,1,1,0,4,1,1,0,1,0,0000000,16,40,16,45,17,5,0,0,0,1,0
47,470698,1,1,0,0,0,1,1,157,0,2,10,2016,1,6,0,0,2,5,2,4,CR-WALNUT GROVE RD,,38,35.12949167,-89.728055560000,0,42,0,0,1,1,0,4,2,1,0,1,0,0000000,99,99,99,99,99,99,0,0,0,1,0
47,470699,2,2,0,0,0,2,2,157,1620,25,9,2016,1,3,30,1,2,1,1,1,I-40,,161,35.16684722,-89.857816670000,0,12,1,0,1,1,0,1,3,1,0,1,0,0000000,3,14,3,30,88,88,0,0,0,1,1
47,470700,2,2,0,0,0,2,2,149,2250,28,9,2016,4,8,11,0,2,4,1,3,SR-266 E SAM RIDLEY PKWY,,30,35.99753889,-86.526100000000,0,12,6,0,1,1,0,1,1,1,0,1,0,0000000,8,14,8,21,8,37,0,0,0,1,0
47,470701,3,3,0,0,0,5,5,13,1320,17,9,2016,7,11,26,0,2,4,2,4,CR-TOWE STRING RD,,39,36.34151111,-84.153288890000,0,12,2,0,1,1,0,1,1,1,0,1,0,0000000,99,99,99,99,99,99,14,0,0,1,0
47,470702,2,2,0,0,0,2,2,157,1620,3,10,2016,2,11,7,1,2,1,1,1,I-240,,134,35.08359722,-89.891563890000,0,12,1,0,1,1,0,1,1,1,0,1,0,0000000,99,99,99,99,88,88,0,0,0,1,0
47,470703,2,2,0,0,0,2,2,187,850,6,10,2016,5,9,25,0,2,7,4,6,LONG LN,,1,35.85981944,-86.826500000000,0,12,6,0,8,1,0,1,1,1,0,1,0,0000000,9,26,9,40,10,3,0,0,0,1,0
47,470704,1,1,0,1,1,1,1,37,1760,1,10,2016,7,19,12,0,2,4,4,6,GALLATIN AVE,,18,36.19053056,-86.745411110000,0,8,0,0,1,1,0,1,3,1,0,1,0,0000000,19,12,19,17,19,34,0,0,0,1,0
47,470705,2,2,0,0,0,3,3,157,1620,5,10,2016,4,4,59,1,2,3,1,2,US-78 SR-4 LAMAR AVE,CONCORDE RD,33,35.03396111,-89.910705560000,0,12,6,0,2,2,0,1,3,1,0,1,0,0000000,99,99,99,99,99,99,0,0,0,1,0
47,470706,1,1,0,0,0,2,2,51,0,25,9,2016,1,1,22,0,1,7,2,4,CR-ALTO RD,,6,35.25446944,-86.016669440000,0,30,0,0,1,1,0,4,2,1,0,1,0,0000000,1,10,1,28,99,99,0,0,0,1,0
47,470707,2,2,0,0,0,3,3,43,0,1,10,2016,7,19,45,1,2,1,1,1,I-40,,136,36.02015000,-87.258580560000,0,12,2,0,1,1,0,1,2,1,0,1,0,0000000,19,49,19,59,20,43,0,0,0,1,0
47,470708,3,3,0,0,0,3,3,147,0,22,9,2016,5,11,4,1,1,1,1,1,I-24,,31,36.44063889,-87.084430560000,0,12,1,0,1,1,0,1,1,1,0,1,0,0000000,99,99,99,99,99,99,19,27,0,1,0
47,470709,1,1,0,1,1,1,1,157,1620,9,10,2016,1,0,30,1,2,3,1,3,SR-14 JACKSON AVE,N BELLEVUE BLVD,134,35.15850278,-90.018705560000,0,8,0,0,2,2,0,1,3,1,0,1,0,0000000,99,99,99,99,99,99,0,0,0,1,0
47,470710,1,1,0,1,1,1,1,37,1760,5,10,2016,4,23,17,1,2,3,1,2,US-41 SR-1 MURFREESBORO RD,,285,36.06720000,-86.631030560000,0,8,0,0,1,1,0,1,3,1,0,1,0,0000000,23,17,23,27,88,88,0,0,0,1,0
47,470711,1,1,0,0,0,1,1,79,0,20,9,2016,3,17,55,0,1,4,1,3,SR-51,,44,36.28961111,-88.444261110000,0,1,0,0,1,1,0,1,1,1,0,1,0,0000000,17,54,18,4,19,3,0,0,0,1,1
47,470712,1,1,0,0,0,1,1,119,470,6,10,2016,5,10,40,1,2,3,1,2,US-31/412 SR-7/99 N GARDEN ST,,137,35.61888889,-87.034930560000,0,33,0,0,1,1,0,4,1,1,0,1,0,0000000,99,99,99,99,99,99,0,0,0,1,0
47,470713,1,1,0,0,0,1,1,179,1250,27,9,2016,3,99,99,0,2,4,4,6,S ROAN ST,,28,36.29990278,-82.334100000000,0,38,0,0,1,1,0,4,9,99,0,99,0,0000000,99,99,99,99,88,88,0,0,0,1,0
47,470714,1,1,0,0,0,5,5,75,0,2,10,2016,1,12,25,0,1,4,1,3,SR-19,,51,35.65890000,-89.364711110000,0,32,0,0,1,1,0,4,1,1,0,1,0,0000000,12,20,12,31,13,30,0,0,0,1,0
47,470715,2,2,0,0,0,3,3,19,0,2,10,2016,1,13,20,0,1,4,1,2,US-19E SR-37,,101,36.22933889,-82.152650000000,0,1,0,0,1,1,0,1,1,10,0,10,0,0000000,13,20,13,30,13,55,0,0,0,1,0
47,470716,3,3,0,0,0,5,5,125,410,5,10,2016,4,16,5,1,2,3,1,2,US-41ABP SR-12 ASHLAND CITY RD,,122,36.50453889,-87.355516670000,0,12,2,0,1,1,0,1,1,1,0,1,0,0000000,99,99,99,99,88,88,0,0,0,4,0
47,470717,1,1,0,0,0,1,1,89,0,8,10,2016,7,1,10,0,1,5,2,4,CR-BETH CARR RD,,11,36.10488889,-83.264630560000,0,42,0,0,1,1,0,4,2,2,0,2,0,0000000,1,6,1,24,88,88,0,0,0,1,1
47,470718,2,2,0,0,0,2,2,65,400,6,10,2016,5,7,52,1,2,3,1,3,SR-319 HIXSON PK,,60,35.14611944,-85.221819440000,0,12,6,0,8,1,0,1,1,1,0,1,0,0000000,7,51,7,59,8,24,0,0,0,1,0
47,470719,2,2,0,0,0,4,4,3,0,6,10,2016,5,14,5,1,1,3,1,2,US-41A SR-16,,228,35.46953056,-86.382480560000,0,12,6,0,1,1,0,1,1,1,0,1,0,0000000,14,0,14,7,99,99,0,0,0,1,0
47,470720,2,2,0,0,0,3,3,157,0,28,9,2016,4,19,55,0,1,6,2,4,CR-WOODSTOCK-CUBA RD,,27,35.31048611,-89.992361110000,0,12,6,0,8,1,0,1,2,1,0,1,0,0000000,19,58,20,9,99,99,0,0,0,1,1
47,470721,1,1,0,0,0,1,1,155,1948,7,10,2016,6,1,28,0,2,4,1,3,SR-449 VETERANS BLVD,,10,35.79326111,-83.544819440000,0,35,0,0,1,1,0,4,2,1,0,1,0,0000000,2,30,2,34,99,99,0,0,0,1,0
47,470722,3,3,0,1,1,3,3,65,400,2,10,2016,1,20,26,1,2,2,1,3,SR-153,,54,35.08858056,-85.215800000000,0,8,0,1,18,1,0,1,2,1,0,1,0,0000000,20,27,20,34,88,88,0,0,0,1,0
47,470723,1,1,0,1,1,2,2,93,0,10,10,2016,2,9,11,0,2,4,1,3,SR-131 BALL CAMP BYINGTON RD,,57,35.96241111,-84.124780560000,0,8,0,0,1,1,0,1,1,1,0,1,0,0000000,9,11,9,15,88,88,0,0,0,1,0
47,470724,2,2,0,0,0,2,2,17,1180,10,10,2016,2,16,23,1,1,3,1,3,SR-22 PARIS ST,THORNE LN,153,36.02741111,-88.445750000000,0,12,6,0,2,2,0,1,1,1,0,1,0,0000000,16,28,16,32,99,99,0,0,0,1,0
47,470725,2,2,0,0,0,3,3,93,1300,10,10,2016,2,3,37,1,2,1,1,1,I-40,,114,35.92714722,-84.049358330000,0,12,1,0,1,1,0,1,3,1,0,1,0,0000000,99,99,99,99,88,88,0,0,0,2,0
47,470726,1,1,0,0,0,1,1,125,410,9,10,2016,1,20,51,0,2,4,4,6,PEACHERS MILL RD,,34,36.59360000,-87.385422220000,0,33,0,0,1,1,0,4,3,1,0,1,0,0000000,99,99,99,99,99,99,0,0,0,1,0
47,470727,1,1,0,0,0,1,1,97,0,10,10,2016,2,10,40,0,1,5,1,3,SR-88,,130,35.89918889,-89.441719440000,0,1,0,0,1,1,0,1,1,1,0,1,0,0000000,10,40,10,52,88,88,0,0,0,1,0
47,470728,2,2,0,0,0,4,4,157,1620,15,10,2016,7,3,5,1,2,1,1,1,I-55,,19,35.02182778,-90.002386110000,0,12,1,0,1,1,0,1,2,1,0,1,0,0000000,99,99,99,99,99,99,0,0,0,2,0
47,470729,1,1,0,0,0,3,3,13,1320,15,10,2016,7,15,53,1,2,3,1,2,US-25W SR-9 JACKSOBORO PK,,259,36.36286944,-84.140169440000,0,30,0,0,1,1,0,4,1,1,0,1,0,0000000,15,55,16,19,99,99,0,0,0,1,0
47,470730,1,1,0,1,1,1,1,81,0,15,10,2016,7,5,20,0,1,4,2,4,CR-1854 MISSIONARY RIDGE RD,,24,35.96305000,-87.366519440000,0,8,0,0,1,1,0,1,2,2,0,2,0,0000000,5,22,5,33,88,88,0,0,0,1,0
47,470731,2,2,0,0,0,2,2,139,0,9,10,2016,1,18,43,1,1,3,1,2,US-64/74 SR-40,,278,35.02313889,-84.355811110000,0,12,1,0,1,1,0,1,1,1,0,1,0,0000000,99,99,99,99,99,99,0,0,0,1,1
47,470732,2,2,0,0,0,4,4,145,0,9,10,2016,1,16,35,0,1,7,2,4,CR-DRY FORK VALLEY RD,,11,35.67205000,-84.615588890000,0,12,8,0,1,1,0,1,1,1,0,1,0,0000000,99,99,99,99,99,99,0,0,0,1,0
47,470733,1,1,0,0,0,1,1,9,0,3,10,2016,2,99,99,0,2,4,1,2,US-129 SR-115 CALDERWOOD HWY,,91,35.50460000,-83.982350000000,0,42,0,0,1,1,0,4,1,1,0,1,0,0000000,16,19,16,52,88,88,0,0,0,1,0
47,470734,2,2,0,0,0,2,2,157,1620,3,10,2016,2,19,10,0,2,4,4,6,N HOLLYWOOD ST,HUBBARD AVE,41,35.17368333,-89.975436110000,0,12,6,0,2,3,0,1,3,1,0,1,0,0000000,99,99,99,99,99,99,0,0,0,1,0
47,470735,1,1,0,0,0,1,1,125,410,23,9,2016,6,11,14,1,2,1,1,1,I-24,,87,36.54728056,-87.242050000000,0,35,0,0,1,1,0,4,1,1,0,1,0,0000000,11,11,11,18,11,54,0,0,0,1,0
47,470736,2,2,0,1,1,2,2,85,0,7,10,2016,6,19,49,0,1,6,2,4,CR-CLYDETON RD,,241,36.11841111,-87.812630560000,0,12,7,0,1,1,0,1,2,1,0,1,0,0000000,19,38,19,44,88,88,0,0,0,1,0
47,470737,1,1,0,0,0,3,3,65,400,8,10,2016,7,1,55,0,2,4,4,6,WILCOX BLVD,,19,35.04763889,-85.245969440000,0,30,0,0,1,1,0,4,3,1,0,1,0,0000000,2,1,2,8,2,33,0,0,0,1,0
47,470738,2,2,0,0,0,4,4,125,0,11,10,2016,3,9,28,0,1,4,1,3,SR-76,,208,36.53971944,-87.173630560000,0,12,6,0,1,1,0,1,1,10,0,10,0,0000000,9,22,9,30,99,99,0,0,0,1,0
47,470739,2,2,0,0,0,2,2,111,1310,5,10,2016,4,15,50,1,1,3,1,3,SR-52 HWY 52 BYPASS E.,OAK ST,125,36.51823056,-86.019650000000,0,12,6,0,2,3,0,1,1,1,0,1,0,0000000,16,3,16,6,16,15,0,0,0,1,0
47,470740,1,1,0,1,1,2,2,9,0,26,8,2016,6,23,27,0,1,7,66,8,FOOTHILLS PKWY,,0,35.57318889,-84.002922220000,1,8,0,0,1,1,0,1,8,98,0,98,0,0000000,99,99,99,99,88,88,0,0,0,1,0
47,470741,2,1,1,0,0,1,1,37,1760,17,10,2016,2,11,37,0,2,7,4,6,NORTHCREST DR,,4,36.06701111,-86.725019440000,0,42,0,0,1,1,0,4,1,1,0,1,0,0000000,11,37,11,45,88,88,14,0,0,1,0
47,470742,1,1,0,0,0,1,1,115,2590,12,10,2016,4,2,18,1,1,3,1,3,SR-28,,121,35.19320000,-85.519588890000,0,30,0,0,1,1,0,4,2,1,0,1,0,0000000,3,12,3,15,3,46,0,0,0,1,0
47,470743,2,2,0,0,0,4,4,157,1620,15,10,2016,7,20,43,1,2,2,1,3,SR-385 BILL MORRIS PKWY,,3,35.08130833,-89.876466670000,0,5,0,1,5,1,0,1,3,1,0,1,0,0000000,99,99,99,99,88,88,14,0,0,1,1
47,470744,1,1,0,1,1,1,1,157,1620,7,10,2016,6,1,4,1,2,3,1,2,US-78 SR-4 LAMAR AVE,,45,35.04794167,-89.921330560000,0,9,0,0,1,1,0,1,2,1,0,1,0,0000000,99,99,99,99,99,99,0,0,0,1,0
47,470745,2,2,0,0,0,3,3,149,1750,5,10,2016,4,11,51,0,2,4,4,6,VETERANS PKWY,,15,35.85736111,-86.503511110000,0,12,1,0,1,1,0,1,1,1,0,1,0,0000000,99,99,99,99,99,99,0,0,0,1,0
47,470746,2,2,0,0,0,2,2,107,0,15,10,2016,7,12,35,1,1,1,1,1,I-75,,117,35.44238889,-84.672630560000,0,12,1,0,1,1,0,2,1,1,0,1,0,0000000,99,99,99,99,99,99,0,0,0,1,0
47,470747,2,2,0,0,0,2,2,149,1750,20,9,2016,3,21,10,1,2,3,1,2,US-231 SR-10 S. CHURCH ST,W. RUTHERFORD BLVD,119,35.81941111,-86.395488890000,0,12,6,0,2,2,0,1,3,1,0,1,0,0000000,21,10,21,14,21,37,0,0,0,1,0
47,470748,2,2,0,0,0,2,2,133,0,19,10,2016,4,18,23,1,1,3,1,3,SR-111 COOKEVILLE HWY,CR-E PARON RD,8,36.24231111,-85.396800000000,0,12,6,0,2,3,0,1,2,1,0,1,0,0000000,99,99,99,99,99,99,0,0,0,1,0
47,470749,1,1,0,0,0,1,1,37,1760,16,10,2016,1,4,21,1,2,1,1,1,I-65,,14,36.05368056,-86.775519440000,0,1,0,0,1,1,0,4,2,1,0,1,0,0000000,4,21,4,31,5,11,0,0,0,1,1
47,470750,1,1,0,1,1,1,1,37,1760,19,10,2016,4,14,40,1,2,3,1,2,US-41/70S SR-1 MURFREESBORO RD,,292,36.05983056,-86.623030560000,0,9,0,0,1,1,0,1,1,1,0,1,0,0000000,99,99,99,99,88,88,0,0,0,1,0
47,470751,1,1,0,0,0,4,4,69,0,9,10,2016,1,5,32,0,1,5,1,3,SR-138,,92,35.42440000,-89.018388890000,0,52,0,0,1,1,0,4,1,1,0,1,0,0000000,5,22,5,41,99,99,0,0,0,1,1
47,470752,1,1,0,0,0,1,1,35,0,14,10,2016,6,16,0,1,1,1,1,1,I-40,,307,35.89970000,-84.794488890000,0,57,0,0,1,1,0,3,1,1,0,1,0,0000000,15,5,15,21,88,88,0,0,0,1,0
47,470753,1,1,0,0,0,1,1,147,2340,22,10,2016,7,20,6,0,2,5,4,6,WILLIAM A BATSON PKWY,,2,36.46689722,-86.890416670000,0,25,0,0,1,1,0,3,3,1,0,1,0,0000000,20,7,20,11,88,88,0,0,0,1,1
47,470754,1,1,0,2,2,1,1,165,1085,15,10,2016,7,13,28,0,2,7,4,6,DONMOND DR,AIRFLOAT DR,1,36.26500000,-86.614100000000,0,8,0,0,2,3,0,1,1,1,0,1,0,0000000,13,33,13,41,14,16,0,0,0,1,0
47,470755,2,2,0,0,0,3,3,37,1760,22,10,2016,7,15,48,1,2,1,1,1,I-440 RAMP,,77,36.12706944,-86.727788890000,0,5,0,1,5,1,0,1,1,1,0,1,0,0000000,15,48,15,56,88,88,14,0,0,2,0
47,470756,2,2,0,0,0,2,2,9,0,15,10,2016,7,10,0,0,1,4,1,2,US-129 SR-115,,38,35.49810000,-83.935280560000,0,12,1,0,1,1,0,1,1,1,0,1,0,0000000,12,46,13,33,15,27,0,0,0,1,0
47,470757,1,1,0,0,0,1,1,65,400,15,10,2016,7,2,4,1,2,3,1,2,US-11/64 SR-2 LEE HWY,,171,35.03363889,-85.180380560000,0,43,0,0,1,1,0,4,2,1,0,1,0,0000000,2,6,2,10,2,34,0,0,0,1,0
47,470758,2,2,0,0,0,2,2,93,1973,13,10,2016,5,19,55,0,2,4,2,6,KARNES VALLEY RD,,5,35.98276111,-84.130938890000,0,12,2,0,1,1,0,1,2,1,0,1,0,0000000,99,99,99,99,99,99,0,0,0,1,0
47,470759,2,2,0,0,0,2,2,149,0,20,10,2016,5,16,1,0,2,5,2,4,CR-CHRISTIANA HOOVERS GAP RD,,0,35.69876111,-86.357700000000,0,12,2,0,1,1,0,1,1,2,0,2,0,0000000,99,99,99,99,99,99,0,0,0,1,0
47,470760,2,2,0,0,0,2,2,187,850,13,9,2016,3,10,38,1,2,3,1,2,US-31TR SR-397 MACK HATCHER ME,S ROYAL OAKS BLVD,25,35.90693056,-86.844319440000,0,12,1,0,3,2,0,1,1,1,0,1,0,0000000,10,39,10,46,11,11,0,0,0,1,0
47,470761,1,1,0,0,0,1,1,157,0,7,7,2016,5,18,15,0,1,4,2,4,CR-COLLIERVILLE-ARLINGTON RD,,40,35.10033333,-89.657819440000,0,57,0,0,1,1,0,4,1,1,0,1,0,0000000,18,21,18,31,19,27,0,0,0,1,0
47,470762,1,1,0,0,0,1,1,47,1840,21,10,2016,6,23,30,0,2,5,1,3,SR-194 OAKLAND DR,,139,35.21606944,-89.517580560000,0,32,0,0,1,1,0,4,2,1,0,1,0,0000000,23,29,23,31,0,33,0,0,0,1,0
47,470763,1,1,0,0,0,1,1,151,1880,9,9,2016,6,23,12,0,1,7,2,6,OLD O AND W RD,,2,36.50006111,-84.537388890000,0,42,0,0,1,1,0,4,2,1,0,1,0,0000000,23,55,0,7,88,88,0,0,0,1,1
47,470764,2,2,0,0,0,6,6,47,0,8,10,2016,7,16,6,0,1,4,1,3,SR-57,,117,35.05298056,-89.440780560000,0,12,1,0,1,1,0,1,1,1,0,1,0,0000000,16,3,16,25,99,99,0,0,0,1,0
47,470765,1,1,0,0,0,1,1,11,0,27,10,2016,5,0,16,0,1,6,2,4,CR-BANCROFT RD,,4,35.11310000,-85.003119440000,0,32,0,0,1,1,0,4,2,1,0,1,0,0000000,0,19,0,32,1,20,20,0,0,1,0
47,470766,2,2,0,0,0,5,5,31,0,22,10,2016,7,19,58,1,1,1,1,1,I-24,,236,35.38121944,-85.979800000000,0,12,7,0,1,1,0,1,2,1,0,1,0,0000000,19,55,20,16,99,99,0,0,0,1,1
47,470767,1,1,0,0,0,2,2,167,0,22,10,2016,7,11,45,0,1,5,1,3,SR-206 ATOKA-IDAVILLE RD,,45,35.43738889,-89.744269440000,0,34,0,0,1,1,0,4,1,1,0,1,0,0000000,11,29,11,48,12,48,0,0,0,1,0
47,470768,2,2,0,0,0,1,1,157,1620,28,10,2016,6,21,5,1,2,3,1,2,US-78 SR-4 LAMAR AVE,,108,35.11423889,-89.997830560000,0,12,1,0,1,1,0,1,3,1,0,1,0,0000000,99,99,99,99,88,88,0,0,0,1,0
47,470769,2,2,0,0,0,3,3,29,1780,30,10,2016,1,15,0,1,2,3,1,2,US-25/70 SR-9 W BROADWAY,OLD KNOXVILLE HWY,47,35.97048889,-83.207880560000,0,12,6,0,8,1,0,1,1,1,0,1,0,0000000,15,9,15,12,15,31,0,0,0,1,0
47,470770,2,2,0,0,0,3,3,125,410,23,10,2016,1,1,20,0,2,4,1,3,SR-48 TRENTON RD,SR-374 101ST AIRBORNE DIVISION,79,36.57747222,-87.315127780000,0,12,6,0,2,2,0,1,3,1,0,1,0,0000000,1,23,1,29,1,49,0,0,0,2,1
47,470771,2,2,0,0,0,3,3,177,0,28,10,2016,6,9,20,1,1,3,1,2,US-70S SR-1 SPARTA HWY,SR-288 OLD ROCK ISLAND RD,177,35.72081389,-85.690588890000,0,12,6,0,2,2,0,1,1,5,0,5,0,0000000,9,16,9,26,99,99,0,0,0,1,0
47,470772,3,3,0,0,0,6,6,93,0,19,10,2016,4,19,49,1,2,3,1,3,SR-62 OAK RIDGE HWY,CR-BYINGTON SOLWAY RD,31,35.97758889,-84.148880560000,0,1,0,0,2,2,0,1,2,10,0,10,0,0000000,99,99,99,99,99,99,14,0,0,1,0
47,470773,1,1,0,1,1,1,1,157,1620,31,10,2016,2,6,53,1,2,1,1,1,I-40,,78,35.19158056,-89.970838890000,0,8,0,0,1,1,0,1,4,1,0,1,0,0000000,99,99,99,99,88,88,0,0,0,1,0
47,470774,3,3,0,1,1,3,3,21,1965,15,10,2016,7,4,3,0,1,5,1,2,US-41A SR-112,,47,36.41441944,-87.053280560000,0,8,0,0,1,1,0,1,6,99,0,99,0,0000000,8,40,8,47,88,88,0,0,0,1,0
47,470775,1,1,0,0,0,2,2,147,2565,19,10,2016,4,17,9,1,2,1,1,1,I-65,,49,36.47716111,-86.678780560000,0,1,0,0,1,1,0,4,1,1,0,1,0,0000000,99,99,99,99,88,88,0,0,0,1,0
47,470776,1,1,0,1,1,1,1,157,1620,31,10,2016,2,18,48,0,2,4,4,6,SOUTH PKWY W,,5,35.10782222,-90.066097220000,0,8,0,0,1,1,0,1,3,1,0,1,0,0000000,99,99,99,99,99,99,0,0,0,1,0
47,470777,1,1,0,0,0,1,1,157,1620,29,10,2016,7,16,20,0,2,7,4,6,PALM AVE,,2,35.19439167,-89.924644440000,0,33,0,0,1,1,0,4,1,1,0,1,0,0000000,99,99,99,99,99,99,0,0,0,1,0
47,470778,1,1,0,0,0,2,2,187,0,24,10,2016,2,8,20,1,1,1,1,1,I-840,,338,35.84801944,-86.696600000000,0,32,0,0,1,1,0,4,1,1,0,1,0,0000000,8,18,8,25,9,21,0,0,0,1,0
47,470779,1,1,0,0,0,2,2,125,410,8,9,2016,5,10,47,1,2,1,1,1,I-24,,84,36.55033333,-87.244808330000,0,1,0,0,1,1,0,4,1,1,0,1,0,0000000,10,49,10,53,11,18,0,0,0,1,0
47,470780,1,1,0,0,0,2,2,155,0,24,10,2016,2,9,55,0,2,4,1,3,SR-338 BOYDS CREEK HWY,,23,35.89060000,-83.725200000000,0,35,0,0,1,1,0,4,1,1,0,1,0,0000000,10,0,10,2,11,0,0,0,0,2,0
47,470781,2,2,0,0,0,3,3,187,850,30,10,2016,1,17,25,0,2,7,4,6,SPRING CREEK DR,,1,35.93768056,-86.820880560000,0,12,6,0,1,1,0,1,1,1,0,1,0,0000000,17,28,17,30,18,5,0,0,0,1,0
47,470782,1,1,0,0,0,1,1,179,985,1,11,2016,3,15,25,0,2,6,2,4,CR-PICKENS BRIDGE RD,,7,36.41453889,-82.385252780000,0,34,0,0,1,1,0,4,1,1,0,1,0,0000000,15,25,15,32,88,88,0,0,0,1,0
47,470783,3,3,0,0,0,5,5,9,1570,2,11,2016,4,17,5,0,2,4,4,6,ROBERT C. JACKSON DR,PERCHERON ST,4,35.75923889,-84.010588890000,0,12,2,0,3,3,0,1,1,1,0,1,0,0000000,17,5,17,8,99,99,0,0,0,1,1
47,470785,1,1,0,0,0,1,1,165,0,26,10,2016,4,9,20,0,2,7,2,4,CR-LORI LEE DR,,2,36.33741944,-86.510480560000,0,42,0,0,1,1,0,4,1,1,0,1,0,0000000,9,22,9,29,9,56,0,0,0,1,0
47,470786,1,1,0,0,0,1,1,25,0,23,10,2016,1,9,13,0,1,6,2,4,CR-DOGWOOD RD,,108,36.47620000,-83.597800000000,0,42,0,0,1,1,0,4,1,1,0,1,0,0000000,9,11,9,18,10,24,0,0,0,1,1
47,470787,1,1,0,0,0,2,2,67,0,31,10,2016,2,16,20,0,1,7,4,4,CR-ROBERTS RD,,43,36.53811944,-83.149450000000,0,1,0,0,1,1,0,4,1,1,0,1,0,0000000,15,57,16,3,99,99,0,0,0,1,0
47,470788,2,2,0,0,0,3,3,59,0,2,11,2016,4,7,30,0,2,4,1,3,SR-70 ASHEVILLE HWY,CR-TAMARA LN,114,36.10523056,-82.868880560000,0,12,6,0,2,3,0,1,1,1,0,1,0,0000000,7,25,7,36,88,88,0,0,0,1,0
47,470789,1,1,0,0,0,2,2,47,0,24,9,2016,7,18,30,0,2,7,2,4,CR-WIRT RD,,11,35.25330000,-89.519588890000,0,35,0,0,1,1,0,4,1,1,0,1,0,0000000,18,6,18,12,99,99,0,0,0,1,1
47,470790,1,1,0,0,0,2,2,107,0,1,11,2016,3,5,44,1,1,1,1,1,I-75,,211,35.54721111,-84.566111110000,0,52,0,1,19,1,0,3,2,1,0,1,0,0000000,99,99,99,99,88,88,0,0,0,1,0
47,470791,1,1,0,0,0,1,1,51,2600,1,11,2016,3,12,5,0,2,4,1,2,US-41A/64BR SR-15 COWAN RD,,165,35.17926111,-86.091069440000,0,42,0,0,1,1,0,5,1,1,0,1,0,0000000,99,99,99,99,88,88,0,0,0,1,0
47,470792,2,2,0,0,0,3,3,93,0,3,11,2016,5,8,12,0,2,4,1,2,US-11E SR-34 ANDREW JOHNSON HW,PLEASANT HILL RD,5,36.03036944,-83.730280560000,0,12,6,0,2,2,0,1,1,10,0,10,0,0000000,8,13,8,24,8,46,0,0,0,1,0
47,470793,1,1,0,0,0,3,3,45,0,26,10,2016,4,13,25,0,2,5,1,3,SR-210 OLD SR-20,,40,35.97540000,-89.377900000000,0,1,0,0,1,1,0,4,1,1,0,1,0,0000000,13,30,13,38,99,99,0,0,0,1,0