STATE,ST_CASE,VE_TOTAL,VE_FORMS,PVH_INVL,PEDS,PERNOTMVIT,PERMVIT,PERSONS,COUNTY,CITY,DAY,MONTH,YEAR,DAY_WEEK,HOUR,MINUTE,NHS,RUR_URB,FUNC_SYS,RD_OWNER,ROUTE,TWAY_ID,TWAY_ID2,MILEPT,LATITUDE,LONGITUD,SP_JUR,HARM_EV,MAN_COLL,RELJCT1,RELJCT2,TYP_INT,WRK_ZONE,REL_ROAD,LGT_COND,WEATHER1,WEATHER2,WEATHER,SCH_BUS,RAIL,NOT_HOUR,NOT_MIN,ARR_HOUR,ARR_MIN,HOSP_HR,HOSP_MN,CF1,CF2,CF3,FATALS,DRUNK_DR
47,470794,1,1,0,0,0,1,1,77,0,5,11,2016,7,6,20,0,1,5,1,3,SR-114/201 MIDDLEBURG RD,,27,35.54293889,-88.243800000000,0,42,0,0,1,1,0,4,2,1,0,1,0,0000000,3,50,4,2,88,88,0,0,0,1,0
47,470796,1,1,0,0,0,2,2,107,0,25,10,2016,3,9,58,0,1,6,2,4,CR-250,,79,35.53598889,-84.613788890000,0,42,0,0,1,1,0,4,1,1,0,1,0,0000000,99,99,99,99,99,99,0,0,0,1,0
47,470797,1,1,0,0,0,2,2,15,0,3,11,2016,5,9,9,0,1,5,1,3,SR-64 BRADYVILLE,,56,35.76143889,-86.167219440000,0,34,0,0,1,1,0,4,1,1,0,1,0,0000000,9,13,9,22,99,99,0,0,0,1,0
47,470798,1,1,0,0,0,2,2,97,0,29,10,2016,7,5,55,1,1,3,1,2,US-51 SR-3 JERE B. FORD HWY,,136,35.80261944,-89.489080560000,0,1,0,0,1,1,0,1,4,1,0,1,0,0000000,6,9,6,19,6,54,0,0,0,1,0
47,470799,2,2,0,0,0,2,2,59,0,30,10,2016,1,22,40,0,2,4,1,3,SR-35 NEWPORT HWY,,97,36.13381111,-82.884050000000,0,12,2,0,1,1,0,1,2,1,0,1,0,0000000,22,37,22,46,23,38,0,0,0,1,1
47,470800,2,2,0,0,0,6,6,65,400,30,10,2016,1,18,47,1,2,1,1,1,I-0124 US-27,,4,35.03402500,-85.319350000000,0,12,7,1,18,1,0,1,3,1,0,1,0,0000000,18,52,18,59,88,88,0,0,0,1,0
47,470801,3,3,0,0,0,3,3,93,0,31,10,2016,2,6,0,1,2,3,1,3,SR-33 MAYNARDVILLE PK,,181,36.10618889,-83.909388890000,0,12,8,0,1,1,1,1,2,1,0,1,0,0000000,99,99,99,99,99,99,0,0,0,1,1
47,470802,1,1,0,0,0,1,1,73,2368,7,11,2016,2,13,25,0,1,5,1,3,SR-346 E MAIN ST,,53,36.48388056,-82.831269440000,0,35,0,0,1,1,0,4,1,1,0,1,0,0000000,13,29,13,32,14,15,0,0,0,1,0
47,470803,1,1,0,0,0,1,1,115,0,4,11,2016,6,1,0,1,1,1,1,1,I-24,,280,35.00590000,-85.524480560000,0,42,0,0,1,1,0,4,2,1,0,1,0,0000000,2,17,2,29,88,88,0,0,0,1,0
47,470804,2,2,0,0,0,3,3,9,1570,11,10,2016,3,17,47,1,2,3,1,2,US-321 SR-73 W LAMAR ALEXANDER,N HOUSTON ST,115,35.75098611,-83.979786110000,0,12,6,0,2,2,0,1,1,1,0,1,0,0000000,17,50,17,54,18,24,0,0,0,1,0
47,470805,1,1,0,0,0,2,2,125,410,29,10,2016,7,0,8,0,2,4,1,3,SR-236 TINY TOWN RD,,4,36.63317500,-87.427222220000,0,53,0,0,1,1,0,4,3,1,0,1,0,0000000,0,19,0,27,3,49,0,0,0,1,1
47,470806,1,1,0,0,0,1,1,93,0,31,10,2016,2,4,49,0,2,6,2,4,CR-WASHINGTON PK,,54,36.08271944,-83.823580560000,0,30,0,0,1,1,0,4,2,1,0,1,0,0000000,4,49,4,58,88,88,0,0,0,1,0
47,470807,1,1,0,0,0,1,1,125,410,8,11,2016,3,16,52,0,2,7,4,6,ALFRED THUN RD,,16,36.59535278,-87.277366670000,0,34,0,0,1,1,0,4,1,1,0,1,0,0000000,16,59,17,2,17,29,0,0,0,1,0
47,470808,2,2,0,0,0,2,2,177,0,7,11,2016,2,17,0,0,2,4,1,3,SR-56 SMITHVILLE HWY,CR-LOWRY LN,173,35.74253056,-85.785850000000,0,12,6,0,2,2,0,1,5,1,0,1,0,0000000,16,58,17,7,18,19,0,0,0,1,0
47,470809,1,1,0,0,0,1,1,123,0,31,10,2016,2,20,7,0,1,5,1,3,SR-360,,65,35.42763889,-84.216550000000,0,1,0,0,1,1,0,4,2,1,0,1,0,0000000,20,13,20,56,99,99,0,0,0,1,1
47,470810,1,1,0,0,0,1,1,123,0,2,11,2016,4,12,43,0,1,7,2,4,CR-CORNTASSEL RD,,4,35.52688056,-84.248980560000,0,34,0,0,1,1,0,4,1,1,0,1,0,0000000,12,45,12,55,13,48,0,0,0,1,0
47,470811,1,1,0,0,0,1,1,55,0,27,10,2016,5,18,30,0,1,4,1,2,US-31 SR-7 COLUMBIA HWY,,233,35.23951111,-87.043550000000,0,33,0,0,1,1,0,4,2,1,0,1,0,0000000,18,34,18,41,19,56,20,0,0,1,1
47,470812,1,1,0,1,1,1,1,145,0,4,11,2016,6,15,45,0,1,6,2,4,CR-OLD HARRIMAN HWY,,119,35.99866111,-84.370961110000,0,8,0,0,1,1,0,1,1,1,0,1,1,0000000,15,48,16,4,99,99,0,0,0,1,0
47,470813,1,1,0,1,1,1,1,157,1620,17,10,2016,2,18,48,0,2,5,4,6,LEVI RD,,13,35.04282222,-90.073277780000,0,8,0,0,1,1,0,1,3,1,0,1,0,0000000,99,99,99,99,99,99,0,0,0,1,0
47,470814,2,2,0,0,0,3,3,73,0,17,10,2016,2,13,25,1,1,3,1,2,US-11W SR-1,OLD HWY RD,214,36.45916944,-82.942850000000,0,12,6,0,2,3,0,1,1,1,0,1,0,0000000,13,11,13,11,14,10,0,0,0,1,0
47,470815,1,1,0,0,0,2,2,165,0,26,10,2016,4,13,45,0,1,4,1,3,SR-25,,215,36.39841944,-86.335511110000,0,34,0,0,1,1,0,4,1,1,0,1,0,0000000,99,99,99,99,99,99,0,0,0,1,0
47,470816,2,2,0,0,0,3,3,11,420,2,11,2016,4,13,55,1,2,3,1,2,US-11BP SR-2 KEITH ST N.W.,RAIDER DR N.W.,115,35.19113611,-84.864150000000,0,12,2,0,2,2,0,1,1,1,0,1,0,0000000,13,55,14,1,14,37,0,0,0,1,0
47,470817,1,1,0,0,0,2,2,77,0,10,11,2016,5,6,30,1,1,1,1,1,I-40,,220,35.81735000,-88.235500000000,0,35,0,0,1,1,0,3,4,1,0,1,0,0000000,6,32,7,10,8,10,0,0,0,1,0
47,470818,2,2,0,0,0,3,3,93,0,10,11,2016,5,14,2,0,2,4,1,3,SR-131 W EMORY RD,HEISKELL RD,150,36.04228889,-84.009100000000,0,12,6,0,2,2,0,1,1,1,0,1,0,0000000,14,4,14,6,14,42,0,0,0,1,0
47,470819,2,2,0,0,0,2,2,187,0,4,11,2016,6,6,42,1,1,1,1,1,I-840,,45,35.90430000,-87.149880560000,0,12,6,0,1,1,0,10,2,1,0,1,0,0000000,6,37,6,48,88,88,0,0,0,1,0
47,470820,2,2,0,0,0,3,3,157,1620,21,10,2016,6,13,15,0,2,4,4,6,MITCHELL RD,,7,35.05566111,-90.071847220000,0,12,2,0,1,1,0,1,1,1,0,1,0,0000000,99,99,99,99,99,99,0,0,0,1,0
47,470821,2,2,0,0,0,3,3,165,1648,26,10,2016,4,4,48,1,2,1,1,1,I-65,,32,36.37676944,-86.712880560000,0,12,1,0,1,1,0,1,2,1,0,1,0,0000000,4,31,4,45,88,88,0,0,0,1,0
47,470822,2,2,0,0,0,2,2,157,1620,1,11,2016,3,8,0,1,2,3,1,2,US-78 SR-4 LAMAR AVE,,2,34.99785278,-89.880866670000,0,12,1,0,1,1,0,1,1,1,0,1,0,0000000,99,99,99,99,99,99,0,0,0,1,0
47,470823,3,3,0,0,0,4,4,185,2310,3,11,2016,5,9,40,1,2,3,1,2,US-70S SR-111 SPENCER HWY,WINDING LN,61,35.90793889,-85.472238890000,0,12,6,0,2,3,0,1,1,1,0,1,0,0000000,9,34,9,39,9,59,0,0,0,1,0
47,470824,1,1,0,0,0,1,1,35,533,3,11,2016,5,15,30,1,1,1,1,1,I-40,,226,35.92336111,-84.911561110000,0,42,0,0,1,1,0,4,1,1,0,1,0,0000000,15,34,15,43,99,99,0,0,0,1,0
47,470825,1,1,0,0,0,1,1,59,0,30,10,2016,1,1,58,0,1,4,1,2,US-11E SR-34 W ANDREW JOHNSON,,7,36.23686944,-83.069111110000,0,32,0,0,1,1,0,4,2,1,0,1,0,0000000,1,52,2,3,88,88,0,0,0,1,1
47,470826,2,2,0,0,0,2,2,157,1620,5,11,2016,7,7,28,1,2,3,4,6,BROOKS RD,,12,35.06087222,-89.997200000000,0,12,8,0,1,1,0,11,1,1,0,1,0,0000000,99,99,99,99,99,99,0,0,0,1,0
47,470827,2,2,0,0,0,4,4,59,0,10,11,2016,5,11,2,0,1,4,1,3,SR-70 LONESOME PINE TR,,283,36.29293889,-82.938238890000,0,35,0,0,1,1,0,4,1,1,0,1,0,0000000,10,45,11,8,99,99,0,0,0,1,0
47,470828,2,2,0,0,0,3,3,77,1911,5,11,2016,7,3,29,1,1,1,1,1,I-40,,128,35.78841944,-88.395550000000,0,12,2,0,1,1,0,1,3,1,0,1,0,0000000,3,27,3,47,4,28,0,0,0,1,0
47,470829,2,2,0,0,0,2,2,93,1300,14,11,2016,2,16,38,0,2,4,4,6,WALKER SPRING RD,,3,35.92738889,-84.058886110000,0,12,6,0,8,1,0,1,1,1,0,1,0,0000000,16,39,16,43,16,59,0,0,0,1,0
47,470830,2,2,0,0,0,4,4,41,1400,11,11,2016,6,21,59,0,1,4,1,2,US-70 SR-26 NASHVILLE HWY,,80,36.00675000,-85.972238890000,0,24,0,0,1,1,0,4,2,1,0,1,0,0000000,21,59,22,0,23,17,0,0,0,1,0
47,470831,2,2,0,0,0,2,2,63,1700,11,11,2016,6,10,0,1,2,3,1,2,US-11E SR-34 W ANDREW JOHNSON,KIDWELLS RIDGE RD,0,36.19488889,-83.353150000000,0,12,6,0,2,3,0,1,1,1,0,1,0,0000000,10,18,10,24,10,56,0,0,0,1,0
47,470832,2,2,0,0,0,3,3,189,1360,7,11,2016,2,11,37,1,2,3,1,2,US-231 SR-10 MURFREESBORO RD,,113,36.16568056,-86.305780560000,0,12,2,0,1,1,0,11,1,1,0,1,0,0000000,11,36,11,54,88,88,0,0,0,1,0
47,470833,1,1,0,0,0,1,1,123,0,4,11,2016,6,99,99,0,1,6,2,4,CR-CITICO RD,,56,35.54151944,-84.121830560000,0,34,0,0,1,1,0,4,2,1,0,1,0,0000000,7,51,8,16,99,99,0,0,0,1,1
47,470834,1,1,0,0,0,1,1,93,0,12,11,2016,7,2,46,0,2,4,2,4,CR-STRAWBERRY PLAINS PK,,64,35.98393056,-83.804430560000,0,34,0,0,1,1,0,4,2,1,0,1,0,0000000,2,46,2,55,88,88,0,0,0,1,1
47,470835,1,1,0,0,0,1,1,93,1300,7,11,2016,2,16,14,0,2,4,2,4,CR-EBENEZER RD,,13,35.89676944,-84.071161110000,0,21,0,0,1,1,0,4,1,1,0,1,0,0000000,16,14,16,18,88,88,0,0,0,1,0
47,470836,2,2,0,0,0,3,3,187,0,15,11,2016,3,17,42,1,2,1,1,1,I-65,,66,35.82803889,-86.834650000000,0,12,2,0,1,1,0,1,2,1,0,1,0,0000000,17,42,18,5,18,41,0,0,0,1,0
47,470837,2,2,0,0,0,4,4,157,1620,17,11,2016,5,11,44,0,2,7,4,6,HUDSON ST,GUERNSEY AVE,12,35.15821389,-89.953327780000,0,12,6,0,2,2,0,1,1,1,0,1,0,0000000,99,99,99,99,88,88,0,0,0,1,0
47,470838,1,1,0,0,0,1,1,131,0,9,11,2016,4,6,55,1,2,3,1,2,US-51 SR-3,,227,36.44363889,-89.014261110000,0,21,0,1,19,1,0,3,1,1,0,1,0,0000000,6,53,7,2,8,34,0,0,0,1,0
47,470839,3,3,0,0,0,3,3,107,110,8,8,2016,2,9,47,1,2,3,1,2,US-11 SR-2 CONGRESS PKWY,SR-305 INGLESIDE AVE,162,35.48048056,-84.592269440000,0,12,6,0,2,2,0,1,1,1,0,1,0,0000000,99,99,99,99,99,99,0,0,0,1,0
47,470840,1,1,0,1,1,1,1,157,1620,17,11,2016,5,17,38,1,2,3,4,6,WINCHESTER RD,,37,35.05339722,-89.995825000000,0,8,0,0,1,1,0,1,3,1,0,1,0,0000000,99,99,99,99,99,99,0,0,0,1,0
47,470841,1,1,0,0,0,1,1,73,2368,19,11,2016,7,14,10,0,1,7,4,6,ARNOLD RD,,18,36.48101944,-82.866611110000,0,42,0,0,1,1,0,4,1,1,0,1,0,0000000,15,8,15,17,88,88,0,0,0,1,1
47,470842,2,2,0,0,0,2,2,25,0,16,11,2016,4,18,15,1,1,3,1,2,US-25E SR-32,CR-LITTLE SYCAMORE RD,145,36.42421944,-83.524300000000,0,12,6,0,2,2,0,1,2,1,0,1,0,0000000,18,16,18,22,18,43,0,0,0,1,0
47,470843,2,2,0,0,0,2,2,149,0,18,11,2016,6,6,50,1,1,3,1,2,US-70S SR-1 JOHN BRAGG HWY,,273,35.81423056,-86.220480560000,0,12,1,0,1,1,0,1,1,1,0,1,1,0000000,6,53,7,4,88,88,0,0,0,1,0
47,470844,2,2,0,0,0,3,3,43,0,13,11,2016,1,18,34,0,1,6,2,4,CR-SLAYTON RD,,45,36.25141111,-87.331911110000,0,12,6,0,1,1,0,1,2,1,0,1,0,0000000,18,20,18,50,99,99,0,0,0,1,0
47,470845,1,1,0,0,0,1,1,149,0,16,11,2016,4,16,45,1,1,1,1,1,I-840,,145,35.96630000,-86.448800000000,0,1,0,0,1,1,0,3,5,1,0,1,0,0000000,16,48,17,1,88,88,0,0,0,1,1
47,470846,1,1,0,0,0,1,1,143,0,9,11,2016,4,7,32,0,2,4,1,3,SR-30,,128,35.50483889,-84.951419440000,0,35,0,0,1,1,0,4,1,1,0,1,0,0000000,7,34,7,38,7,52,0,0,0,1,0
47,470847,1,1,0,1,1,1,1,93,0,9,11,2016,4,13,56,0,2,4,1,2,US-441 SR-71 NORRIS FRWY,,94,36.08983333,-83.945433330000,0,8,0,0,1,1,0,2,1,10,0,10,0,0000000,13,56,14,0,14,25,4,0,0,1,0
47,470848,1,1,0,0,0,1,1,35,0,14,11,2016,2,9,40,0,1,7,2,4,CR-ELDRIDGE LOOP,,14,36.01813889,-85.003538890000,0,38,0,0,1,1,0,4,1,1,0,1,0,0000000,9,18,9,24,99,99,0,0,0,1,0
47,470849,2,2,0,0,0,2,2,85,2530,17,11,2016,5,12,50,0,1,4,1,3,SR-13 N CHURCH ST,,212,36.11065000,-87.783000000000,0,12,6,0,8,1,0,1,1,1,0,1,0,0000000,12,51,12,57,99,99,0,0,0,1,0
47,470850,1,1,0,0,0,2,2,189,0,12,11,2016,7,23,32,0,1,5,1,3,SR-267 STATESVILLE TD,,78,36.05801111,-86.145188890000,0,1,0,0,1,1,0,4,2,1,0,1,0,0000000,23,25,23,39,0,48,0,0,0,1,1
47,470851,3,3,0,0,0,6,6,157,1620,18,11,2016,6,19,50,1,2,3,4,6,PERKINS RD,,14,35.05434722,-89.907683330000,0,12,2,0,1,1,0,1,3,1,0,1,0,0000000,99,99,99,99,99,99,0,0,0,1,0
47,470852,2,1,1,0,0,1,1,185,667,20,11,2016,1,8,45,0,2,6,4,6,MCMINNVILLE HWY,,60,35.84761944,-85.513538890000,0,14,0,0,1,1,0,5,1,1,0,1,0,0000000,8,29,8,41,88,88,0,0,0,1,0
47,470854,3,3,0,0,0,4,4,157,1620,11,11,2016,6,13,0,0,2,4,4,6,OVERTON CROSSING RD,DELANO AVE,18,35.19783889,-90.003908330000,0,12,6,0,2,2,0,1,1,1,0,1,0,0000000,99,99,99,99,99,99,0,0,0,1,0
47,470855,1,1,0,0,0,2,2,47,0,12,11,2016,7,22,30,1,1,1,1,1,I-40,,121,35.37400000,-89.461530560000,0,1,0,0,1,1,0,4,2,1,0,1,0,0000000,22,48,23,4,0,11,0,0,0,1,1
47,470856,1,1,0,0,0,1,1,77,0,20,11,2016,1,13,35,0,1,6,2,4,CR-SHADY HILL RD/EBENEZER RD,,52,35.57130000,-88.316038890000,0,1,0,0,1,1,0,4,1,1,0,1,0,0000000,13,34,13,47,88,88,0,0,0,1,0
47,470857,1,1,0,1,1,1,1,37,1760,21,11,2016,2,13,50,1,2,1,1,1,I-40,,228,36.14293056,-86.706811110000,0,8,0,0,1,1,0,1,1,1,0,1,0,0000000,13,50,13,57,88,88,0,0,0,1,0
47,470858,1,1,0,0,0,2,2,55,0,22,11,2016,3,3,10,1,1,1,1,1,I-65,,137,35.18840000,-86.872630560000,0,42,0,0,1,1,0,4,2,1,0,1,0,0000000,3,14,3,24,4,55,0,0,0,1,0
47,470859,2,2,0,0,0,8,8,115,1777,13,8,2016,7,16,30,0,1,5,1,3,SR-156,TVA POWERHOUSE RD,198,34.99621944,-85.625069440000,0,12,6,0,2,2,0,1,1,1,0,1,0,0000000,17,47,17,52,18,50,0,0,0,1,0
47,470860,2,2,0,0,0,3,3,65,400,11,11,2016,6,20,0,0,2,4,4,6,N ACCESS RD,,16,35.10776111,-85.231461110000,0,12,2,0,1,1,0,1,3,10,0,10,0,0000000,20,1,20,8,20,46,0,0,0,1,1
47,470861,4,4,0,0,0,4,4,71,0,18,11,2016,6,18,12,0,1,4,1,3,SR-69,,146,35.12601111,-88.185788890000,0,1,0,0,1,1,0,1,2,10,0,10,0,0000000,18,15,18,21,99,99,0,0,0,1,0
47,470862,2,2,0,0,0,2,2,145,2070,20,11,2016,1,8,55,1,2,3,1,2,US-27/70 SR-1 N GATEWAY AVE,E STRANG ST,49,35.86871111,-84.682811110000,0,12,1,0,2,2,0,1,1,1,0,1,0,0000000,8,57,9,6,99,99,0,0,0,1,1
47,470863,2,2,0,0,0,2,2,43,640,21,11,2016,2,22,29,1,2,1,1,1,I-40,,94,36.02003056,-87.332538890000,0,12,2,0,1,1,0,1,3,1,0,1,0,0000000,22,28,22,38,88,88,0,0,0,1,1
47,470864,2,1,1,0,0,2,2,1,0,14,11,2016,2,22,40,0,1,6,2,4,CR-E WOLF VALLEY RD,,18,36.07845000,-84.099950000000,0,38,0,0,1,1,0,4,2,1,0,1,0,0000000,22,48,23,5,23,54,0,0,0,1,1
47,470865,1,1,0,0,0,1,1,37,1760,16,11,2016,4,99,99,0,2,7,4,6,TULIP GROVE RD,,22,36.20308889,-86.591611110000,0,1,0,0,1,1,0,1,3,1,0,1,0,0000000,23,30,23,38,88,88,0,0,0,1,1
47,470866,1,1,0,0,0,2,2,97,0,20,11,2016,1,23,30,0,1,5,1,3,SR-19,,55,35.76440000,-89.778500000000,0,1,0,0,1,1,0,4,2,1,0,1,0,0000000,23,20,23,39,0,18,0,0,0,1,0
47,470867,1,1,0,1,1,3,3,65,400,16,11,2016,4,6,53,0,2,4,4,6,BROWNS FERRY RD,,2,35.02361111,-85.365200000000,0,9,0,0,1,1,0,1,4,1,0,1,0,0000000,6,51,6,57,7,11,0,0,0,1,0
47,470868,1,1,0,0,0,1,1,71,0,24,11,2016,5,18,50,0,2,4,1,3,SR-128,,65,35.14318056,-88.250488890000,0,42,0,0,1,1,0,4,2,1,0,1,0,0000000,18,42,18,53,19,20,0,0,0,1,0
47,470869,1,1,0,0,0,4,4,161,0,25,11,2016,6,2,59,0,1,5,1,3,SR-232,,87,36.43553056,-87.969388890000,0,42,0,0,1,1,0,4,2,1,0,1,0,0000000,3,1,3,15,4,14,0,0,0,1,1
47,470870,1,1,0,0,0,4,4,31,0,26,11,2016,7,12,25,1,1,1,1,1,I-24,,101,35.52446111,-86.137161110000,0,42,0,0,1,1,0,4,1,1,0,1,0,0000000,12,19,12,29,88,88,0,0,0,4,1
47,470871,3,3,0,0,0,3,3,125,410,17,11,2016,5,10,19,0,2,4,1,3,SR-374 WARFIELD BLVD,,11,36.52539722,-87.278766670000,0,12,2,0,1,1,0,1,1,1,0,1,0,0000000,10,22,10,25,10,59,14,0,0,1,1
47,470872,1,1,0,1,1,1,1,37,1760,18,11,2016,6,0,0,1,2,3,1,2,US-431 SR-65 W TRINITY LN,,4,36.20650000,-86.776419440000,0,8,0,0,1,1,0,1,3,1,0,1,0,0000000,0,0,0,5,88,88,0,0,0,1,0
47,470873,3,3,0,0,0,3,3,163,1280,23,11,2016,4,6,45,1,2,3,1,3,SR-93 JOHN B DENNIS HWY,SR-126 S WILCOX DR,67,36.50283333,-82.562069440000,0,12,6,1,3,2,0,1,1,1,0,1,0,0000000,6,51,6,52,7,26,0,0,0,1,0
47,470874,2,2,0,0,0,2,2,89,0,17,11,2016,5,13,15,0,1,5,1,2,US-25W/70 SR-9,SR-139 OLD DANDRIDGE PK,4,36.01910000,-83.610900000000,0,12,6,0,2,2,0,1,1,1,0,1,0,0000000,13,32,13,43,14,26,0,0,0,1,0
47,470875,2,2,0,0,0,2,2,149,2250,28,11,2016,2,6,25,0,2,5,4,6,WEAKLEY LN,,10,36.01073889,-86.494938890000,0,12,2,0,1,1,0,1,4,1,0,1,0,0000000,6,26,6,37,7,15,0,0,0,1,0
47,470876,1,1,0,0,0,1,1,35,0,18,11,2016,6,16,0,0,1,7,2,4,CR-N LAKE FRANCES RD,,3,36.03761944,-84.961000000000,0,34,0,0,1,1,0,4,1,1,0,1,0,0000000,15,56,16,3,99,99,0,0,0,1,1
47,470877,1,1,0,1,1,1,1,157,1620,30,11,2016,4,6,30,0,2,4,4,6,MT MORIAH RD,,17,35.11007778,-89.895008330000,0,8,0,0,1,1,0,1,3,1,0,1,0,0000000,99,99,99,99,88,88,0,0,0,1,0
47,470878,1,1,0,0,0,1,1,45,0,12,11,2016,7,10,19,0,1,6,2,4,CR-SCOTT RD,,49,36.05913056,-89.286119440000,0,53,0,0,1,1,0,4,1,1,0,1,0,0000000,10,19,10,26,88,88,0,0,0,1,1
47,470879,4,4,0,0,0,6,6,35,540,11,11,2016,6,13,47,1,2,1,1,1,I-40,,156,35.98133056,-85.011030560000,0,12,2,0,1,1,0,1,1,1,0,1,0,0000000,13,48,13,56,15,54,14,0,0,3,0
47,470880,2,2,0,0,0,2,2,155,0,1,12,2016,5,10,3,1,2,3,1,2,US-411/441 SR-35 CHAPMAN HWY,SR-338 BOYDS CREEK HWY,17,35.87071944,-83.757069440000,0,12,6,0,2,2,0,1,1,1,0,1,0,0000000,10,2,10,4,10,36,0,0,0,1,0
47,470881,2,2,0,0,0,3,3,147,0,3,12,2016,7,23,35,1,1,1,1,1,I-24,,52,36.42023056,-87.054769440000,0,12,2,0,1,1,0,1,2,2,0,2,0,0000000,23,34,23,55,88,88,0,0,0,1,1
47,470882,1,1,0,0,0,38,38,65,400,21,11,2016,2,15,24,0,2,5,4,6,TALLEY RD,,5,35.02426944,-85.234611110000,0,35,0,0,1,1,0,4,1,1,0,1,1,0000000,15,21,15,24,16,6,0,0,0,6,0
47,470883,1,1,0,0,0,1,1,109,0,30,8,2016,3,7,9,0,1,4,1,3,SR-22,,7,35.00521111,-88.461169440000,0,42,0,0,1,1,0,4,1,1,0,1,0,0000000,6,57,7,23,99,99,0,0,0,1,0
47,470884,2,2,0,0,0,2,2,125,0,17,9,2016,7,8,25,1,2,3,1,3,SR-374 PURPLE HEART PKWY,GARRETTSBURG RD,135,36.58215000,-87.442211110000,0,12,6,0,2,2,0,1,1,2,0,2,0,0000000,8,35,8,42,9,28,0,0,0,1,0
47,470885,1,1,0,0,0,1,1,53,0,23,10,2016,1,99,99,0,1,5,2,4,CR-OLD TRENTON DRESDEN RD,,39,36.07453889,-88.879288890000,0,32,0,0,1,1,0,4,2,1,0,1,0,0000000,4,45,4,54,99,99,0,0,0,1,1
47,470886,1,1,0,0,0,3,3,163,1953,27,10,2016,5,15,58,0,1,6,2,6,WEAVER BRANCH RD,,1,36.44231389,-82.335750000000,0,1,0,0,1,1,0,4,1,1,0,1,0,0000000,16,3,16,20,16,58,0,0,0,1,0
47,470887,1,1,0,0,0,1,1,25,1065,30,11,2016,4,23,50,1,1,3,1,2,US-25E SR-32 CUMBERLAND GAP PK,,165,36.54630000,-83.637488890000,0,32,0,0,1,1,0,4,2,10,0,10,0,0000000,23,42,23,45,88,88,0,0,0,1,0
47,470888,2,2,0,0,0,3,3,31,0,10,12,2016,7,1,20,1,1,1,1,1,I-24,,24,35.59111111,-86.238438890000,0,12,7,0,1,1,0,1,2,1,0,1,0,0000000,1,13,1,39,99,99,0,0,0,1,1
47,470889,3,3,0,0,0,5,5,175,2320,7,12,2016,4,19,24,1,1,3,1,3,SR-111,,158,35.76993056,-85.463730560000,0,12,8,0,1,1,0,1,2,1,0,1,0,0000000,18,28,18,30,99,99,0,0,0,1,0
47,470890,4,1,3,0,0,4,4,141,0,26,11,2016,7,21,25,0,2,5,1,3,SR-135 DODSON BRANCH RD,,135,36.20603889,-85.511900000000,0,35,0,0,1,1,0,4,2,1,0,1,0,0000000,21,28,21,36,99,99,0,0,0,1,0
47,470891,1,1,0,0,0,1,1,37,1760,27,11,2016,1,16,27,1,2,3,1,3,SR-45 ROBINSON RD,,99,36.26736111,-86.666619440000,0,1,0,0,1,1,0,4,5,1,0,1,0,0000000,16,28,16,33,16,49,0,0,0,1,1
47,470892,1,1,0,0,0,1,1,111,0,28,11,2016,2,13,59,0,1,6,2,4,CR-NEW HARMONY RD,,25,36.47221944,-86.115000000000,0,42,0,0,1,1,0,4,1,2,0,2,0,0000000,13,57,14,8,99,99,0,0,0,1,0