STATE,ST_CASE,VE_TOTAL,VE_FORMS,PVH_INVL,PEDS,PERNOTMVIT,PERMVIT,PERSONS,COUNTY,CITY,DAY,MONTH,YEAR,DAY_WEEK,HOUR,MINUTE,NHS,RUR_URB,FUNC_SYS,RD_OWNER,ROUTE,TWAY_ID,TWAY_ID2,MILEPT,LATITUDE,LONGITUD,SP_JUR,HARM_EV,MAN_COLL,RELJCT1,RELJCT2,TYP_INT,WRK_ZONE,REL_ROAD,LGT_COND,WEATHER1,WEATHER2,WEATHER,SCH_BUS,RAIL,NOT_HOUR,NOT_MIN,ARR_HOUR,ARR_MIN,HOSP_HR,HOSP_MN,CF1,CF2,CF3,FATALS,DRUNK_DR
47,470893,1,1,0,0,0,1,1,157,1620,29,11,2016,3,7,35,1,2,3,1,2,US-64/70 SR-1 DANNY THOMAS BLV,,20,35.13692500,-90.046361110000,0,33,0,0,1,1,0,4,1,1,0,1,0,0000000,99,99,99,99,99,99,0,0,0,1,0
47,470894,3,3,0,0,0,3,3,189,0,24,11,2016,5,18,25,1,1,1,1,1,I-40,,242,36.17746944,-86.142919440000,0,12,6,0,1,1,0,1,2,1,0,1,0,0000000,18,25,18,36,19,26,0,0,0,2,0
47,470895,2,2,0,0,0,3,3,17,0,23,11,2016,4,22,30,0,1,4,1,2,US-70 SR-1,,165,35.95863056,-88.462000000000,0,12,2,0,1,1,0,1,2,10,0,10,0,0000000,22,25,22,35,0,2,0,0,0,1,1
47,470896,2,2,0,0,0,3,3,43,0,17,11,2016,5,13,55,0,1,4,1,3,SR-48,SLAYTON RD,217,36.24051111,-87.345480560000,0,12,2,0,2,2,0,1,1,1,0,1,0,0000000,13,50,14,9,99,99,0,0,0,1,0
47,470897,2,2,0,0,0,3,3,115,1272,11,12,2016,1,13,40,1,1,1,1,1,I-24 US-64,,169,35.04431111,-85.699688890000,0,12,8,0,1,1,0,1,1,1,0,1,0,0000000,14,52,15,2,17,7,0,0,0,1,0
47,470898,1,1,0,0,0,2,2,157,1620,20,10,2016,5,20,56,1,2,1,1,1,I-40,,134,35.12700278,-89.764027780000,0,5,0,0,1,1,1,1,3,1,0,1,0,0000000,99,99,99,99,99,99,0,0,0,1,0
47,470899,1,1,0,0,0,1,1,143,0,10,12,2016,7,13,45,0,1,4,1,3,SR-30 DAYTON MTN HWY,,21,35.55196944,-85.080430560000,0,32,0,0,1,1,0,4,1,1,0,1,0,0000000,13,55,14,4,14,23,0,0,0,1,0
47,470900,1,1,0,0,0,1,1,85,0,14,12,2016,4,22,15,0,1,6,2,4,CR-933 BOLD SPRINGS RD,,11,35.96613056,-87.667980560000,0,42,0,0,1,1,0,4,2,1,0,1,0,0000000,0,40,1,11,88,88,0,0,0,1,0
47,470901,1,1,0,0,0,1,1,23,0,12,12,2016,2,99,99,0,1,7,2,4,CR-TALLEY STORE RD,,2,35.44800000,-88.597669440000,0,42,0,0,1,1,0,4,1,1,0,1,0,0000000,14,10,14,17,88,88,0,0,0,1,0
47,470902,1,1,0,0,0,1,1,71,0,19,12,2016,2,6,32,0,1,6,2,4,CR-COFFEE LANDING RD,,47,35.28841111,-88.299480560000,0,33,0,0,1,1,0,4,1,10,0,10,0,0000000,6,37,6,52,88,88,0,0,0,1,0
47,470903,1,1,0,0,0,2,2,65,400,26,11,2016,7,15,40,0,2,6,4,6,E 37TH ST,,10,35.00088889,-85.298311110000,0,30,0,0,1,1,0,4,1,1,0,1,0,0000000,15,37,15,46,15,56,0,0,0,1,0
47,470904,1,1,0,0,0,3,3,11,0,7,12,2016,4,10,20,0,2,7,2,4,CR-HBUNT RD,,9,35.08770000,-84.866680560000,0,35,0,0,1,1,0,4,1,1,0,1,0,0000000,9,43,10,3,99,99,0,0,0,1,0
47,470905,1,1,0,0,0,1,1,157,1620,18,12,2016,1,11,30,1,2,3,1,3,SR-177 GERMANTOWN RD,,74,35.15485556,-89.794158330000,0,33,0,0,1,1,0,4,1,1,0,1,0,0000000,99,99,99,99,99,99,0,0,0,1,0
47,470906,1,1,0,1,1,1,1,31,0,5,12,2016,2,5,45,0,1,4,2,4,CR-BLANTON CHAPEL RD,,8,35.50718889,-86.140919440000,0,8,0,0,1,1,0,1,2,2,0,2,0,0000000,5,49,6,17,88,88,0,0,0,1,0
47,470907,2,2,0,0,0,3,3,155,0,4,12,2016,1,14,50,0,2,4,2,4,CR-PORTERFIELD GAP RD,,4,35.91541111,-83.743169440000,0,12,6,0,1,1,0,1,1,2,0,2,0,0000000,14,42,14,48,15,21,0,0,0,1,1
47,470908,2,2,0,0,0,3,3,157,1620,16,12,2016,6,22,21,0,2,4,4,6,N MCLEAN BLVD,,60,35.17928333,-89.993216670000,0,12,2,0,1,1,0,1,3,2,0,2,0,0000000,99,99,99,99,99,99,0,0,0,1,0
47,470909,2,2,0,0,0,2,2,157,1620,2,12,2016,6,20,58,1,2,3,1,2,US-61 SR-14 S THIRD ST,RAINES RD,42,35.03534722,-90.073161110000,0,12,6,0,2,2,0,1,3,1,0,1,0,0000000,99,99,99,99,99,99,0,0,0,1,0
47,470910,2,2,0,0,0,2,2,157,1620,3,12,2016,7,17,23,0,2,4,4,6,N HOLLYWOOD ST,,44,35.17802500,-89.975255560000,0,12,6,0,1,1,0,1,3,2,0,2,0,0000000,99,99,99,99,99,99,0,0,0,1,0
47,470911,1,1,0,1,1,1,1,149,1750,6,8,2016,7,20,29,0,2,3,1,2,US-41/70S SR-1/99 SE BROAD ST,,172,35.84188889,-86.391280560000,0,8,0,0,1,1,0,1,3,2,0,2,0,0000000,20,31,20,36,21,23,0,0,0,1,0
47,470912,2,2,0,0,0,2,2,3,0,4,12,2016,1,20,30,1,1,3,1,2,US-231 SR-10,SR-82,175,35.58835000,-86.440219440000,0,12,6,1,2,2,0,1,2,2,0,2,0,0000000,20,37,20,38,88,88,0,0,0,1,0
47,470913,1,1,0,0,0,1,1,61,1033,26,11,2016,7,3,58,0,1,4,1,3,SR-108,,112,35.37365000,-85.688288890000,0,42,0,0,1,1,0,4,2,1,0,1,0,0000000,3,49,3,52,88,88,0,0,0,1,0
47,470914,1,1,0,0,0,1,1,125,410,18,12,2016,1,21,0,0,2,7,4,6,OLD RUSSELLVILLE PK,,17,36.55851944,-87.305661110000,0,24,0,0,1,1,0,4,2,1,0,1,0,0000000,20,22,20,28,88,88,0,0,0,1,0
47,470915,1,1,0,0,0,1,1,37,1760,21,11,2016,2,11,20,0,2,7,4,6,YOUNGS LN,,4,36.20486944,-86.803650000000,0,30,0,0,1,1,0,4,1,1,0,1,0,0000000,11,20,11,27,11,55,0,0,0,1,1
47,470916,1,1,0,0,0,1,1,53,0,2,12,2016,6,12,5,0,1,6,2,4,CR-BELLS CHAPEL RD,,40,36.12126944,-89.052350000000,0,42,0,0,1,1,0,4,1,1,0,1,0,0000000,12,6,12,13,88,88,0,0,0,1,0
47,470917,1,1,0,0,0,1,1,13,0,3,12,2016,7,99,99,0,1,7,4,4,CR-WILKENS RD,,13,36.50036944,-84.230311110000,0,1,0,0,1,1,0,4,9,1,0,1,0,0000000,12,24,13,55,88,88,0,0,0,1,0
47,470918,1,1,0,1,1,4,4,125,410,1,12,2016,5,16,10,1,2,3,1,2,US-41A/79 SR-12/76,,165,36.55015000,-87.382663890000,0,8,0,0,1,1,0,1,3,1,0,1,0,0000000,18,13,18,17,88,88,0,0,0,1,0
47,470919,1,1,0,1,1,1,1,157,1620,16,12,2016,6,19,0,0,2,4,4,6,AMERICAN WAY,,12,35.07626389,-89.930433330000,0,8,0,0,1,1,0,1,3,2,0,2,0,0000000,99,99,99,99,88,88,0,0,0,1,0
47,470920,1,1,0,0,0,1,1,125,410,7,12,2016,4,5,8,1,2,3,1,2,US-79 SR-13/48 WILMARUDOLPH BL,,234,36.56177778,-87.314147220000,0,34,0,0,1,1,0,4,3,1,0,1,0,0000000,5,9,5,12,5,28,0,0,0,1,0
47,470921,1,1,0,0,0,1,1,189,0,14,12,2016,4,10,30,1,2,3,1,2,US-70 SR-24 LEBANON RD,,73,36.23561111,-86.457800000000,0,31,0,0,1,1,0,4,1,10,0,10,0,0000000,10,30,10,41,11,25,0,0,0,1,1
47,470922,2,2,0,0,0,2,2,119,0,16,12,2016,6,6,29,0,1,3,1,2,US-431 SR-106,,11,35.64025000,-86.825738890000,0,12,2,0,1,1,0,4,4,1,0,1,0,0000000,99,99,99,99,99,99,0,0,0,1,0
47,470923,1,1,0,0,0,2,2,37,1760,4,12,2016,1,21,6,0,2,7,4,6,HOPEDALE DR,,7,36.07071944,-86.716350000000,0,53,0,0,1,1,0,4,3,2,0,2,0,0000000,21,6,21,13,21,38,0,0,0,1,0
47,470924,3,3,0,0,0,4,4,115,1974,9,12,2016,6,17,26,0,1,4,1,3,SR-283,,16,35.18781944,-85.501519440000,0,12,1,0,8,1,0,1,2,1,0,1,0,0000000,18,25,18,41,19,21,0,0,0,1,0
47,470925,1,1,0,0,0,1,1,37,1760,11,12,2016,1,2,32,1,2,1,1,1,I-24 RAMP,,173,36.12546111,-86.729900000000,0,32,0,1,5,1,0,4,3,1,0,1,0,0000000,2,34,2,48,88,88,0,0,0,1,1
47,470926,1,1,0,0,0,1,1,149,0,13,10,2016,5,2,20,0,1,5,1,3,SR-99 BRADYVILLE PK,,289,35.75853056,-86.259730560000,0,35,0,0,1,1,0,4,2,1,0,1,0,0000000,2,9,2,29,3,12,0,0,0,1,0
47,470927,2,2,0,0,0,2,2,53,0,30,10,2016,1,13,5,0,1,6,2,4,CR-KEELEY MILL RD,,47,36.06521111,-88.936061110000,0,12,1,0,1,1,0,1,1,1,0,1,0,0000000,13,10,13,18,14,35,0,0,0,1,0
47,470928,2,2,0,0,0,2,2,11,0,11,12,2016,1,21,25,1,2,3,1,2,US-64/74 SR-40 WATERLEVEL HWY,CR-CHEROKEE DR,33,35.14671111,-84.832130560000,0,12,6,0,2,3,0,1,2,1,0,1,0,0000000,21,26,21,29,22,11,0,0,0,1,0
47,470929,2,2,0,0,0,3,3,45,0,9,12,2016,6,4,55,0,1,5,1,3,SR-181 GREAT RIVER RD,,140,36.08528056,-89.601069440000,0,12,2,0,1,1,0,1,2,1,0,1,0,0000000,4,58,5,10,6,31,0,0,0,2,1
47,470930,1,1,0,1,1,1,1,45,710,19,11,2016,7,8,37,1,2,3,1,3,SR-78 LAKE RD,,18,36.06140000,-89.395430560000,0,8,0,0,8,1,0,1,1,1,0,1,0,0000000,8,39,8,41,99,99,0,0,0,1,0
47,470931,3,3,0,0,0,4,4,71,0,14,12,2016,4,15,56,0,1,5,1,3,SR-142 KENDRICK RD,,88,35.01661111,-88.363011110000,0,12,99,0,1,1,0,1,1,1,0,1,0,0000000,15,48,16,6,88,88,0,0,0,1,0
47,470932,2,2,0,0,0,4,4,157,1620,15,12,2016,5,17,30,0,2,4,4,6,QUINCE RD,,80,35.07070556,-89.847675000000,0,12,6,0,8,1,0,1,3,1,0,1,0,0000000,99,99,99,99,99,99,0,0,0,1,0
47,470933,2,2,0,0,0,3,3,129,0,15,12,2016,5,19,30,0,1,4,1,3,SR-62 KNOXVILLE HWY,,348,36.04618056,-84.363061110000,0,12,2,0,1,1,0,1,1,1,0,1,0,0000000,19,31,19,46,20,27,0,0,0,1,1
47,470934,1,1,0,0,0,1,1,109,1627,16,12,2016,6,3,30,0,1,4,1,3,SR-22,,30,35.03731944,-88.447069440000,0,34,0,0,1,1,0,4,2,1,0,1,0,0000000,3,46,4,4,88,88,0,0,0,1,1
47,470935,2,2,0,0,0,3,3,25,0,11,12,2016,1,0,1,1,1,3,1,2,US-25E SR-32,,76,36.43956944,-83.566750000000,0,24,0,0,1,1,0,4,2,1,0,1,0,0000000,0,8,0,12,1,9,0,0,0,2,0
47,470936,3,3,0,0,0,3,3,121,0,16,12,2016,6,17,50,0,1,4,1,3,SR-68,SR-304 RIVER RD,11,35.62411111,-84.764369440000,0,12,1,0,3,2,0,1,5,1,0,1,0,0000000,17,41,17,56,18,58,0,0,0,1,0
47,470937,2,2,0,2,2,2,2,89,0,9,12,2016,6,16,55,0,1,5,1,2,US-25W/70 SR-9,,215,35.99231111,-83.288180560000,0,8,0,0,1,1,0,1,1,1,0,1,0,0000000,99,99,99,99,99,99,23,0,0,1,0
47,470938,2,2,0,0,0,2,2,59,0,21,12,2016,4,19,7,0,1,6,2,4,CR-SNAPPS FERRY RD,,69,36.25406944,-82.733730560000,0,12,6,0,8,1,0,1,6,1,0,1,0,0000000,18,47,19,10,19,42,0,0,0,1,0
47,470939,2,2,0,0,0,3,3,63,0,12,12,2016,2,17,0,0,1,5,1,3,SR-66 VALLEY HOME RD,,29,36.17923056,-83.321169440000,0,12,6,0,1,1,0,1,2,10,0,10,0,0000000,17,7,17,8,99,99,0,0,0,1,0
47,470940,1,1,0,0,0,3,3,183,670,14,12,2016,4,15,52,0,1,6,4,6,EVERGREEN ST,,105,36.25243889,-88.655419440000,0,23,0,0,1,1,0,4,1,1,0,1,0,0000000,15,58,16,7,18,51,0,0,0,1,0
47,470941,1,1,0,0,0,1,1,73,0,17,12,2016,7,16,30,0,1,7,2,4,CR-OKOLONA RD,,19,36.57996111,-82.741138890000,0,42,0,0,1,1,0,4,1,10,0,10,0,0000000,16,32,16,44,88,88,0,0,0,1,1
47,470942,1,1,0,0,0,1,1,93,0,21,12,2016,4,18,32,0,2,4,2,4,CR-DANTE RD,,7,36.03213056,-83.983488890000,0,42,0,0,1,1,0,4,2,1,0,1,0,0000000,18,33,18,39,88,88,0,0,0,1,0
47,470943,2,2,0,0,0,2,2,157,1620,22,12,2016,5,15,38,0,2,4,4,6,QUINCE AVE,,47,35.08916944,-89.890613890000,0,12,6,0,8,1,0,1,1,1,0,1,0,0000000,99,99,99,99,99,99,0,0,0,1,0
47,470944,1,1,0,0,0,1,1,149,0,22,12,2016,5,14,45,1,2,3,1,3,SR-96 FRANKLIN RD,,33,35.84351944,-86.542838890000,0,42,0,0,1,1,0,4,1,1,0,1,0,0000000,14,45,14,51,15,27,0,0,0,1,1
47,470945,2,2,0,0,0,7,7,51,2600,20,12,2016,3,10,59,0,2,4,1,3,SR-16 ROWE GAP RD,US-64 SR-433 VETERANS MEMORIAL,132,35.16745000,-86.127111110000,0,12,6,0,2,2,0,1,1,1,0,1,0,0000000,11,2,11,13,99,99,0,0,0,1,0
47,470946,1,1,0,1,1,1,1,73,1726,21,12,2016,4,19,27,1,2,3,1,2,US-11W SR-1,,385,36.53701111,-82.670800000000,0,8,0,0,1,1,0,1,3,1,0,1,0,0000000,19,18,19,21,99,99,0,0,0,1,0
47,470947,1,1,0,1,1,1,1,119,470,17,12,2016,7,19,53,0,2,5,4,6,RIVERSIDE DR,,8,35.62278889,-87.021630560000,0,9,0,0,1,1,0,2,2,10,0,10,0,0000000,19,55,20,2,20,27,0,0,0,1,0
47,470948,1,1,0,1,1,1,1,37,1760,18,12,2016,1,3,0,1,2,3,1,2,US-31A/41A SR-11 NOLENSVILLE P,,73,36.08281944,-86.727319440000,0,8,0,0,1,1,0,1,3,3,0,3,0,0000000,3,6,3,10,3,32,0,0,0,1,0
47,470949,1,1,0,0,0,1,1,187,0,19,12,2016,2,7,18,0,2,5,2,4,CR-S CAROTHERS RD,,47,35.87908056,-86.795700000000,0,34,0,0,1,1,0,4,1,1,0,1,0,0000000,7,19,7,23,88,88,0,0,0,1,1
47,470950,1,1,0,0,0,1,1,141,0,20,12,2016,3,99,99,0,1,5,1,2,US-70N SR-24 MONTEREY HWY,,305,36.11606111,-85.355588890000,0,35,0,0,1,1,0,4,2,1,0,1,0,0000000,5,12,5,21,88,88,0,0,0,1,1
47,470951,1,1,0,0,0,1,1,55,0,20,12,2016,3,7,30,1,1,1,1,1,I-65,,142,35.19550000,-86.869950000000,0,24,0,1,19,1,0,4,1,5,0,5,0,0000000,99,99,99,99,99,99,0,0,0,1,0
47,470952,1,1,0,0,0,1,1,47,0,17,12,2016,7,99,99,0,1,6,2,4,CR-RALEIGH GRANGE RD,,35,35.10911944,-89.586369440000,0,1,0,0,1,1,0,4,2,3,0,3,0,0000000,11,59,12,13,88,88,0,0,0,1,0
47,470953,1,1,0,1,1,3,3,149,0,22,12,2016,5,18,12,1,1,3,1,2,US-70S SR-1 JOHN BRAGG HWY,CR-MT HERMAN RD,223,35.82921111,-86.305930560000,0,8,0,0,2,2,0,1,2,1,0,1,0,0000000,18,7,18,15,88,88,0,0,0,1,0
47,470954,1,1,0,0,0,1,1,99,0,25,12,2016,1,18,6,0,1,6,2,4,CR-MARCHELLA FALLS RD,,8,35.37750000,-87.267719440000,0,18,0,0,1,1,0,4,2,1,0,1,0,0000000,18,3,18,14,18,40,0,0,0,1,0
47,470955,1,1,0,0,0,1,1,155,0,27,12,2016,3,14,40,0,1,5,1,3,SR-416 PITMAN CENTER RD,,109,35.82320000,-83.472619440000,0,42,0,0,1,1,0,4,1,10,0,10,0,0000000,14,25,14,33,88,88,0,0,0,1,0
47,470956,1,1,0,1,1,1,1,149,1750,22,12,2016,5,23,38,1,2,1,1,1,I-24,,152,35.84471944,-86.432766670000,0,8,0,0,1,1,0,1,2,1,0,1,0,0000000,23,41,23,49,88,88,0,0,0,1,0
47,470957,2,2,0,0,0,4,4,157,1620,21,12,2016,4,15,42,0,2,5,4,6,PERSON AVE,PENNSYLVANIA ST,7,35.10161667,-90.067591670000,0,12,11,0,2,3,0,1,1,1,0,1,0,0000000,99,99,99,99,99,99,0,0,0,1,0
47,470958,2,2,0,0,0,6,6,147,537,16,12,2016,6,20,42,1,1,1,1,1,I-65,,89,36.52755000,-86.642880560000,0,12,6,0,1,1,0,1,2,10,0,10,0,0000000,20,40,20,47,21,40,0,0,0,2,0
47,470959,2,2,0,0,0,2,2,147,0,24,12,2016,7,8,4,0,1,3,1,3,SR-65,,158,36.64140000,-86.854688890000,0,12,1,0,1,1,0,1,1,2,0,2,0,0000000,8,4,8,14,8,57,0,0,0,1,0
47,470960,2,1,1,1,3,1,3,37,1760,24,12,2016,7,19,0,1,2,1,1,1,I-40,,158,36.16991944,-86.590680560000,0,8,0,0,1,1,0,2,2,2,0,2,0,0000000,19,6,19,18,19,41,23,0,0,1,0
47,470961,1,1,0,1,1,1,1,107,110,30,12,2016,6,19,1,1,2,3,1,3,SR-30 GREEN ST,,105,35.44470556,-84.591163890000,0,8,0,0,1,1,0,1,3,1,0,1,0,0000000,99,99,99,99,99,99,0,0,0,1,0
47,470962,1,1,0,0,0,1,1,65,0,31,12,2016,7,2,32,0,1,4,1,3,SR-27 SUCK CREEK RD,,13,35.11566944,-85.371669440000,0,17,0,0,1,1,0,4,2,1,0,1,0,0000000,2,32,2,43,88,88,0,0,0,1,0
47,470963,1,1,0,1,1,1,1,37,1760,31,12,2016,7,18,55,1,2,3,4,6,OLD HICKORY BLVD,,0,36.07383889,-86.920730560000,0,8,0,0,1,1,0,1,2,2,0,2,0,0000000,99,99,99,99,99,99,0,0,0,1,0
47,470964,1,1,0,0,0,1,1,173,0,28,12,2016,4,20,45,0,1,5,1,3,SR-170 HICKORY VALLEY RD,,46,36.24135000,-83.896361110000,0,42,0,0,1,1,0,4,2,1,0,1,0,0000000,20,31,20,40,99,99,0,0,0,1,0
47,470965,2,2,0,0,0,4,4,157,1620,3,12,2016,7,14,35,1,2,3,1,2,US-64 SR-15,E MALL DR,79,35.20446944,-89.784813890000,0,12,2,0,2,2,0,1,1,2,0,2,0,0000000,99,99,99,99,99,99,0,0,0,1,0
47,470966,4,4,0,0,0,8,8,105,1370,17,12,2016,7,17,10,1,2,3,1,2,US-321 SR-73-95,CORY LN,57,35.81941944,-84.266619440000,0,12,6,0,2,2,0,1,5,1,0,1,0,0000000,17,9,17,13,17,24,0,0,0,1,0
47,470967,2,2,0,0,0,5,5,157,1620,29,12,2016,5,11,45,0,2,4,4,6,RIDGEMONT RD,NEW ALLEN RD,3,35.24332778,-89.946383330000,0,12,6,0,2,2,0,1,1,1,0,1,0,0000000,99,99,99,99,99,99,0,0,0,1,0
47,470968,2,2,0,0,0,7,7,165,890,25,12,2016,1,18,18,1,2,2,1,3,SR-386 VIETNAM VETERANS BLVD,,101,36.36208056,-86.527511110000,0,12,7,0,1,1,0,1,2,1,0,1,0,0000000,18,15,18,30,19,25,0,0,0,3,0
47,470969,1,1,0,0,0,1,1,35,0,31,12,2016,7,99,99,0,2,4,2,4,CR-DUNBAR RD,,7,35.84645000,-85.055311110000,0,42,0,0,1,1,0,4,2,10,0,10,0,0000000,6,36,6,43,88,88,0,0,0,1,1
47,470970,1,1,0,0,0,1,1,163,0,23,12,2016,6,17,25,1,2,1,1,1,I-81,,14,36.44238889,-82.553088890000,0,1,0,0,1,1,0,3,5,1,0,1,0,0000000,17,30,17,37,17,55,0,0,0,1,1
47,470971,1,1,0,0,0,2,2,157,0,4,12,2016,1,1,44,0,1,7,2,4,CR-LATTING RD,,10,35.18001667,-89.709419440000,0,42,0,0,1,1,0,4,2,2,0,2,0,0000000,1,44,1,55,2,40,0,0,0,1,0
47,470972,1,1,0,0,0,1,1,129,0,8,12,2016,5,19,27,0,1,7,2,4,CR-TWIN BRIDGE RD,,56,36.16506111,-84.851169440000,0,1,0,0,1,1,0,4,2,10,0,10,0,0000000,19,18,19,48,88,88,0,0,0,1,1
47,470973,1,1,0,0,0,1,1,93,0,20,12,2016,3,99,99,0,2,7,2,4,CR-FRENCH RD,,46,35.92936944,-83.810300000000,0,24,0,0,1,1,0,4,2,1,0,1,0,0000000,2,16,2,26,88,88,0,0,0,1,0
47,470974,1,1,0,0,0,2,2,21,0,27,12,2016,3,0,14,1,1,1,1,1,I-24,,30,36.34560000,-86.927130560000,0,1,0,0,1,1,0,4,3,2,0,2,0,0000000,0,11,0,25,0,55,0,0,0,1,0
47,470975,1,1,0,0,0,2,2,185,0,29,12,2016,5,22,20,0,1,4,1,2,US-70 SR-26 SMITHVILLE HWY,,62,35.95186111,-85.554588890000,0,35,0,0,1,1,0,4,2,1,0,1,0,0000000,22,8,22,17,22,49,0,0,0,1,0
47,470976,1,1,0,0,0,1,1,155,0,1,9,2016,5,23,21,1,1,3,1,2,US-321/441 SR-71 PARKWAY,,99998,35.74495000,-83.522288890000,1,16,0,0,1,1,0,1,6,98,0,98,0,0000000,99,99,99,99,88,88,0,0,0,1,0
47,470977,1,1,0,0,0,1,1,149,1750,8,11,2016,3,0,46,0,2,7,4,6,W. RUTHERFORD BLVD,,4,35.81949722,-86.401466670000,0,40,0,0,1,1,0,4,9,99,0,99,0,0000000,10,20,10,25,99,99,0,0,0,1,0
47,470978,1,1,0,0,0,1,1,75,0,11,11,2016,6,10,8,0,1,4,1,3,SR-54 OLD TURNPIKE RD,,92,35.59313889,-89.322830560000,0,35,0,0,1,1,0,4,1,1,0,1,0,0000000,10,9,10,17,10,57,0,0,0,1,1
47,470979,1,1,0,0,0,1,1,145,0,15,11,2016,3,6,20,0,1,5,1,3,SR-304 RIVER RD,,123,35.82815000,-84.548769440000,0,35,0,0,1,1,0,4,2,5,0,5,0,0000000,6,26,6,32,6,52,0,0,0,1,0
47,470980,1,1,0,0,0,2,2,9,0,13,11,2016,1,13,39,0,1,7,2,4,CR-OLD ST HWY 73 LITTLE RIVER,,0,35.66620000,-83.690177780000,1,35,0,0,1,1,0,4,1,1,0,1,0,0000000,99,99,99,99,99,99,0,0,0,2,0
47,470981,1,1,0,0,0,1,1,167,0,3,10,2016,2,17,44,1,1,3,1,2,US-51 SR-3,,118,35.51481111,-89.706411110000,0,34,0,0,1,1,0,4,1,1,0,1,0,0000000,99,99,99,99,99,99,0,0,0,1,0
47,470982,1,1,0,0,0,1,1,167,1740,2,12,2016,6,23,45,0,2,7,4,6,MARSHALL RD,,8,35.46251111,-89.775080560000,0,42,0,0,1,1,0,4,3,1,0,1,0,0000000,99,99,99,99,99,99,0,0,0,1,0
47,470983,2,2,0,0,0,2,2,179,1260,9,12,2016,6,16,45,1,2,3,1,2,US-11E-321 SR-34,CR-OPIE ARNOLD RD,10,36.23762778,-82.627111110000,0,12,2,0,2,2,0,1,1,1,0,1,0,0000000,99,99,99,99,99,99,0,0,0,1,0
47,470984,4,4,0,0,0,4,4,163,1280,1,11,2016,3,11,7,0,2,4,1,3,SR-126 MEMORIAL BLVD,,52,36.53153889,-82.493138890000,0,12,8,0,1,1,0,1,1,1,0,1,0,0000000,99,99,99,99,99,99,0,0,0,1,0
47,470985,1,1,0,0,0,2,2,119,0,27,8,2016,7,13,26,0,1,7,66,4,CR-NATCHEZ TRACE PKWY,,0,35.80900278,-87.186616670000,1,42,0,0,1,1,0,4,8,1,0,1,0,0000000,99,99,99,99,99,99,0,0,0,1,0
47,470986,1,1,0,0,0,1,1,187,0,2,7,2016,7,17,44,0,1,7,66,4,CR-NATCHEZ TRACE PKWY,,23,35.82858889,-87.091652780000,1,42,0,0,1,1,0,4,1,1,0,1,0,0000000,99,99,99,99,88,88,0,0,0,1,0
47,470987,2,2,0,0,0,3,3,31,0,29,11,2016,3,17,58,0,2,4,1,3,SR-53 WOODBURY HWY,,36,35.53860000,-86.080738890000,0,12,6,0,8,1,0,1,2,10,0,10,0,0000000,99,99,99,99,99,99,0,0,0,1,0
47,470988,2,2,0,0,0,3,3,135,1427,10,12,2016,7,8,30,0,1,4,1,3,SR-13 S MAIN ST,,240,35.75421944,-87.786361110000,0,12,2,0,1,1,0,1,1,1,0,1,0,0000000,99,99,99,99,99,99,0,0,0,2,0